Post ID,User ID,Inspired At
588,1,2023-12-31 09:06:27
152,1,2023-12-31 09:07:32
415,1,2023-12-31 09:10:09
558,1,2023-12-31 09:11:23
549,1,2023-12-31 09:11:28
586,1,2023-12-31 09:11:40
97,1,2023-12-31 09:13:08
590,1,2023-12-31 10:09:13
52,1,2023-12-31 10:09:33
19,1,2023-12-31 10:09:40
583,1,2023-12-31 10:09:46
491,1,2023-12-31 10:10:00
148,1,2023-12-31 10:10:09
560,1,2023-12-31 10:10:16
86,1,2023-12-31 10:10:30
469,1,2023-12-31 10:10:36
546,1,2023-12-31 10:23:43
540,1,2023-12-31 10:23:50
626,1,2023-12-31 15:45:20
570,1,2023-12-31 15:45:42
14,1,2024-01-05 13:50:52
513,1,2024-01-05 13:50:59
512,1,2024-01-05 13:51:09
516,1,2024-01-05 13:51:23
517,1,2024-01-05 13:51:30
142,1,2024-01-05 13:51:58
143,1,2024-01-05 13:52:10
150,1,2024-01-05 13:52:31
151,1,2024-01-05 13:52:40
153,1,2024-01-05 13:52:53
154,1,2024-01-05 13:53:01
155,1,2024-01-05 13:53:13
158,1,2024-01-05 13:53:28
159,1,2024-01-05 13:53:41
160,1,2024-01-05 13:53:56
161,1,2024-01-05 13:54:08
163,1,2024-01-05 13:54:17
164,1,2024-01-05 13:54:20
151,18,2024-01-06 09:47:51
588,118,2024-01-11 19:28:47
512,47,2024-01-11 21:42:47
143,18,2024-01-11 21:57:31
19,18,2024-01-13 09:55:17
426,18,2024-01-14 01:07:22
154,18,2024-01-14 07:12:14
551,18,2024-01-15 01:04:43
590,18,2024-01-15 02:15:29
583,123,2024-01-15 06:19:17
633,1,2024-01-15 15:38:40
588,127,2024-01-16 14:18:34
31,1,2024-01-16 17:44:06
31,18,2024-01-16 20:52:36
631,19,2024-01-19 08:34:02
33,18,2024-01-22 05:58:15
494,18,2024-01-22 06:00:13
461,18,2024-01-22 06:02:07
453,18,2024-01-22 06:03:53
438,18,2024-01-22 06:04:49
437,18,2024-01-22 06:04:57
428,18,2024-01-22 06:06:22
427,18,2024-01-22 06:06:29
425,18,2024-01-22 06:07:02
422,18,2024-01-22 06:07:29
516,47,2024-01-29 22:46:13
33,1,2024-01-31 22:37:50
629,19,2024-02-01 12:25:49
82,18,2024-02-10 03:21:15
81,19,2024-03-19 05:56:21
588,159,2024-03-19 10:23:25
58,159,2024-03-19 10:25:25
590,19,2024-03-19 11:25:00
560,159,2024-03-20 09:53:09
551,159,2024-03-20 09:55:12
422,160,2024-03-21 10:44:15
503,5,2024-03-28 20:20:40
517,5,2024-03-28 20:21:26
40,5,2024-03-29 12:00:55
654,19,2024-03-30 09:30:03
660,1,2024-03-30 15:27:16
153,152,2024-03-30 16:53:00
686,19,2024-04-01 14:52:02
685,1,2024-04-01 15:26:35
725,19,2024-04-03 14:12:58
727,19,2024-04-03 14:13:27
510,5,2024-04-03 14:29:58
560,9,2024-04-03 14:47:52
328,9,2024-04-03 14:55:36
571,9,2024-04-03 15:00:15
411,9,2024-04-03 15:05:06
726,19,2024-04-03 16:37:05
724,19,2024-04-03 16:38:16
60,152,2024-04-04 07:27:54
560,160,2024-04-04 13:56:28
770,19,2024-04-04 17:42:15
560,18,2024-04-07 00:55:43
635,19,2024-04-08 13:55:24
814,5,2024-04-13 02:25:29
549,152,2024-04-14 11:25:15
701,5,2024-04-15 12:01:02
159,19,2024-04-16 16:22:17
625,19,2024-04-17 11:22:42
86,5,2024-04-18 13:33:31
560,192,2024-04-22 06:18:44
1060,19,2024-04-25 18:06:39
44,19,2024-05-07 09:58:34
1064,1,2024-05-07 17:39:51
171,5,2024-05-08 14:24:11
1065,18,2024-05-15 01:50:31
658,5,2024-05-23 07:41:42
619,19,2024-06-03 13:30:54
1030,292,2024-06-11 12:19:46
560,362,2024-06-17 16:33:00
1032,346,2024-06-18 07:29:48
1073,470,2024-06-20 08:27:07
1066,470,2024-06-20 08:39:39
56,417,2024-06-22 06:37:29
788,9,2024-06-27 12:24:43
1030,19,2024-07-02 19:34:26
31,732,2024-07-03 20:17:16
56,5,2024-07-04 06:24:59
560,19,2024-07-11 13:58:48
1060,803,2024-07-17 01:20:29
796,1,2024-07-21 14:35:39
972,1,2024-07-21 14:36:12
856,5,2024-07-23 08:24:33
30,152,2024-07-23 23:50:40
1057,19,2024-07-29 19:04:26
948,5,2024-08-05 07:24:51
1098,19,2024-08-09 10:57:51
1096,19,2024-08-09 10:58:59
512,5,2024-08-13 17:40:16
1153,1,2024-08-18 13:01:34
1152,1,2024-08-18 13:02:26
1151,1,2024-08-18 13:03:01
1150,1,2024-08-18 13:03:27
1149,1,2024-08-18 13:04:00
1148,1,2024-08-18 13:04:32
1147,1,2024-08-18 13:05:04
1145,1,2024-08-18 13:05:19
1142,1,2024-08-18 13:06:39
1141,1,2024-08-18 13:06:43
1140,1,2024-08-18 13:07:30
1139,1,2024-08-18 13:08:47
1138,1,2024-08-18 13:09:16
1137,949,2024-08-21 14:54:28
1182,19,2024-08-25 11:21:11
1140,19,2024-08-25 11:22:30
1140,960,2024-08-26 10:21:12
52,958,2024-08-26 13:16:06
143,964,2024-08-27 06:44:06
1214,19,2024-08-29 16:58:27
1207,5,2024-09-12 08:19:05
1226,5,2024-09-12 08:19:22
941,979,2024-09-17 09:32:30
1227,39,2024-09-21 16:39:34
1246,5,2024-09-25 15:03:04
697,5,2024-10-01 16:32:32
1312,1010,2024-10-11 11:50:36
813,1,2024-11-19 10:22:04
813,1,2024-11-19 10:22:04
813,1,2024-11-19 10:22:04
1100,1,2024-11-19 11:03:00
693,1,2024-11-19 11:31:21
693,1,2024-11-19 11:31:21
59,1,2024-11-19 11:33:03
863,1,2024-11-19 11:33:21
147,1,2024-11-19 11:33:38
147,1,2024-11-19 11:33:38
147,1,2024-11-19 11:33:38
696,1,2024-11-19 11:34:59
696,1,2024-11-19 11:34:59
252,1,2024-11-19 11:35:33
1119,1,2024-11-19 11:37:10
1217,1,2024-11-19 11:38:17
788,1,2024-11-19 11:38:34
1251,1,2024-11-19 11:40:16
548,1,2024-11-20 07:01:08
655,1,2024-11-20 07:08:30
423,1,2024-11-20 07:09:19
779,1,2024-11-20 07:12:13
817,1,2024-11-20 07:12:38
899,1,2024-11-20 07:13:11
1231,1,2024-11-20 07:14:08
177,1,2024-11-20 07:14:34
168,1,2024-11-20 07:15:15
1111,1,2024-11-20 07:18:03
699,1,2024-11-20 07:28:29
699,1,2024-11-20 07:28:29
100,1,2024-11-20 07:42:22
100,1,2024-11-20 07:42:22
773,1,2024-11-20 07:54:58
773,1,2024-11-20 07:54:58
1214,1,2024-11-20 07:57:01
414,1,2024-11-20 07:58:59
414,1,2024-11-20 07:58:59
414,1,2024-11-20 07:58:59
1224,18,2024-11-20 21:09:58
694,18,2024-11-20 21:19:03
1251,18,2024-11-20 21:19:13
1340,1123,2024-11-23 17:31:50
64,1,2024-11-29 11:29:04
1365,5,2024-11-29 19:10:45
1316,1010,2024-12-05 09:10:36
1394,5,2024-12-06 09:45:47
1224,1197,2024-12-06 12:23:45
1243,1197,2024-12-06 12:26:52
631,1105,2024-12-06 16:18:19
1214,1105,2024-12-06 16:26:08
1533,1202,2024-12-06 19:02:41
1394,1232,2024-12-07 09:19:33
1456,1215,2024-12-07 17:58:28
365,18,2024-12-07 23:42:38
944,1105,2024-12-08 05:23:52
1881,1181,2024-12-08 11:17:44
1345,1132,2024-12-08 23:43:01
1345,1132,2024-12-08 23:43:01
1345,1132,2024-12-08 23:43:01
1345,1132,2024-12-08 23:43:01
1345,1132,2024-12-08 23:43:01
1393,1132,2024-12-08 23:44:06
1393,1132,2024-12-08 23:44:06
1393,1132,2024-12-08 23:44:06
1393,1132,2024-12-08 23:44:06
1393,1132,2024-12-08 23:44:06
1699,1132,2024-12-08 23:44:33
1699,1132,2024-12-08 23:44:33
1699,1132,2024-12-08 23:44:33
1393,1,2024-12-09 09:14:28
1393,1,2024-12-09 09:14:28
1699,1,2024-12-09 09:16:39
1699,1,2024-12-09 09:16:39
1383,1,2024-12-09 12:46:35
1383,1,2024-12-09 12:46:35
1383,1,2024-12-09 12:46:35
1394,1,2024-12-09 12:49:11
1380,5,2024-12-09 13:00:50
1364,5,2024-12-09 13:02:33
1387,5,2024-12-09 13:03:02
365,5,2024-12-09 13:04:20
164,5,2024-12-09 13:04:40
383,5,2024-12-09 13:05:23
1397,1,2024-12-09 13:05:35
1384,1,2024-12-09 13:06:00
1230,5,2024-12-09 13:06:01
59,5,2024-12-09 13:06:28
58,5,2024-12-09 13:07:07
629,5,2024-12-09 13:59:22
1383,1039,2024-12-09 13:59:25
1383,1039,2024-12-09 13:59:25
1383,1039,2024-12-09 13:59:25
1376,1039,2024-12-09 14:02:23
1374,1039,2024-12-09 14:02:32
1380,1,2024-12-09 17:58:09
1694,1,2024-12-09 18:01:38
1699,16,2024-12-09 18:36:24
1694,16,2024-12-09 18:56:15
1376,16,2024-12-09 18:56:27
1685,1,2024-12-09 22:57:40
1387,1,2024-12-09 23:04:04
1391,1,2024-12-09 23:05:25
1395,1,2024-12-09 23:06:10
1381,1,2024-12-09 23:07:24
1386,5,2024-12-10 04:48:02
1315,1271,2024-12-10 10:30:09
