Post ID,User ID,Liked At
26,9,2023-10-24 19:28:41
33,9,2023-10-26 09:08:32
36,1,2023-10-28 09:08:35
36,16,2023-10-28 09:15:57
52,9,2023-10-30 15:48:46
50,19,2023-11-01 11:37:04
59,19,2023-11-02 07:02:58
60,19,2023-11-03 06:21:59
64,18,2023-11-03 17:32:03
62,18,2023-11-03 17:32:04
63,18,2023-11-03 17:32:04
65,18,2023-11-03 17:33:08
66,1,2023-11-06 01:22:41
75,1,2023-11-06 01:28:28
74,1,2023-11-06 01:28:56
73,1,2023-11-06 01:29:20
64,1,2023-11-06 01:34:42
83,1,2023-11-07 04:13:38
100,9,2023-11-07 15:15:44
86,19,2023-11-07 16:03:21
80,18,2023-11-08 16:16:08
88,18,2023-11-08 16:16:11
77,18,2023-11-08 16:16:32
97,18,2023-11-08 16:21:04
94,18,2023-11-08 16:22:46
135,31,2023-11-08 21:41:06
131,31,2023-11-08 21:43:42
84,31,2023-11-08 21:46:22
161,5,2023-11-09 03:15:06
190,18,2023-11-10 00:34:18
189,18,2023-11-10 00:35:11
190,5,2023-11-11 03:50:41
189,5,2023-11-11 03:50:56
177,5,2023-11-11 03:51:14
175,19,2023-11-12 13:37:40
207,5,2023-11-13 09:37:46
100,1,2023-11-13 10:34:55
97,1,2023-11-13 10:35:27
61,5,2023-11-14 02:10:59
216,5,2023-11-14 08:23:29
252,19,2023-11-19 12:27:38
366,9,2023-11-21 18:00:35
359,18,2023-11-21 22:52:28
298,18,2023-11-22 00:33:30
296,18,2023-11-22 00:34:05
228,18,2023-11-22 01:00:38
12,36,2023-11-23 01:35:47
16,36,2023-11-23 01:36:42
84,36,2023-11-23 01:37:30
459,1,2023-11-29 22:42:47
449,5,2023-11-30 01:43:12
469,41,2023-11-30 13:15:17
457,18,2023-11-30 15:35:55
417,18,2023-11-30 15:44:29
378,18,2023-11-30 15:47:51
298,39,2023-11-30 15:57:13
459,19,2023-12-01 11:04:55
371,5,2023-12-01 12:29:03
370,5,2023-12-01 12:29:53
527,5,2023-12-03 01:20:32
499,1,2023-12-05 08:11:28
63,16,2023-12-08 12:26:32
517,47,2023-12-09 05:31:06
549,5,2023-12-10 08:23:43
590,1,2023-12-11 12:44:01
563,19,2023-12-11 13:35:36
583,50,2023-12-11 18:10:00
595,18,2023-12-11 19:57:21
459,9,2023-12-13 14:15:19
590,44,2023-12-14 09:27:55
619,39,2023-12-14 12:30:33
560,19,2023-12-14 15:00:45
590,58,2023-12-15 20:47:16
590,60,2023-12-16 06:21:47
586,61,2023-12-16 10:17:13
590,61,2023-12-16 10:17:24
583,61,2023-12-16 10:18:01
563,67,2023-12-17 16:28:14
15,1,2023-12-19 10:30:25
547,70,2023-12-20 05:47:43
546,70,2023-12-20 05:47:56
583,74,2023-12-21 11:42:36
586,74,2023-12-21 11:43:08
580,1,2023-12-21 13:04:55
590,76,2023-12-22 06:20:17
590,77,2023-12-22 13:13:28
583,65,2023-12-25 16:12:57
546,65,2023-12-25 16:13:23
515,65,2023-12-25 16:13:47
52,18,2023-12-28 18:30:58
415,18,2023-12-28 18:31:48
586,18,2023-12-28 18:31:58
588,18,2023-12-28 18:32:04
558,18,2023-12-28 18:32:05
491,18,2023-12-28 18:32:07
86,18,2023-12-28 18:32:08
547,18,2023-12-28 18:32:13
463,18,2023-12-28 18:32:19
618,18,2023-12-28 20:44:22
616,18,2023-12-28 20:44:49
606,18,2023-12-28 20:47:00
605,18,2023-12-28 20:48:02
604,18,2023-12-28 20:48:05
603,18,2023-12-28 20:48:53
602,18,2023-12-28 20:49:00
601,18,2023-12-28 20:49:47
580,18,2023-12-28 20:50:32
577,18,2023-12-28 20:51:28
433,18,2023-12-29 06:56:07
499,18,2023-12-29 06:56:08
546,18,2023-12-29 06:56:17
551,18,2023-12-29 16:44:48
549,18,2023-12-29 16:44:49
427,18,2023-12-29 17:13:00
459,97,2023-12-29 17:34:13
608,1,2023-12-29 19:03:30
619,19,2023-12-30 08:13:23
618,19,2023-12-30 08:13:39
560,18,2023-12-31 05:06:37
558,94,2023-12-31 12:30:51
631,102,2024-01-01 02:30:53
586,102,2024-01-01 12:21:42
631,103,2024-01-01 17:07:41
583,1,2024-01-02 11:41:52
81,106,2024-01-02 12:43:04
525,44,2024-01-05 08:17:53
148,1,2024-01-05 13:38:51
631,39,2024-01-05 13:42:48
606,39,2024-01-05 13:43:11
576,39,2024-01-05 13:47:20
575,39,2024-01-05 13:48:16
491,1,2024-01-05 13:50:24
81,39,2024-01-05 13:52:18
143,1,2024-01-05 13:52:19
154,1,2024-01-05 13:53:10
155,1,2024-01-05 13:53:21
159,1,2024-01-05 13:53:50
160,1,2024-01-05 13:54:04
151,1,2024-01-05 13:55:44
540,1,2024-01-05 13:55:58
513,1,2024-01-05 13:56:09
159,5,2024-01-05 15:37:35
576,5,2024-01-05 15:37:54
631,1,2024-01-08 21:47:02
631,114,2024-01-10 07:21:03
626,114,2024-01-10 07:21:27
560,116,2024-01-10 12:34:36
158,1,2024-01-10 17:58:05
633,44,2024-01-11 18:34:02
67,44,2024-01-11 18:38:53
66,44,2024-01-11 18:39:17
65,44,2024-01-11 18:39:40
64,44,2024-01-11 18:39:42
63,44,2024-01-11 18:39:55
512,47,2024-01-11 21:42:32
631,19,2024-01-12 13:47:56
447,44,2024-01-12 20:30:48
142,18,2024-01-13 09:54:35
151,5,2024-01-14 14:43:26
560,123,2024-01-15 06:18:44
546,1,2024-01-15 19:46:28
583,125,2024-01-16 07:48:24
586,126,2024-01-16 10:07:13
151,19,2024-01-16 10:11:04
153,1,2024-01-16 10:27:59
152,1,2024-01-16 12:00:28
164,1,2024-01-16 12:47:39
549,1,2024-01-16 12:47:56
633,1,2024-01-16 13:02:36
629,127,2024-01-16 14:19:06
590,127,2024-01-16 14:19:46
560,1,2024-01-16 15:21:13
16,1,2024-01-16 15:33:01
31,1,2024-01-16 17:44:14
633,18,2024-01-16 22:46:51
590,18,2024-01-16 22:50:12
629,19,2024-01-18 14:56:26
633,19,2024-01-19 15:06:00
16,18,2024-01-22 05:56:10
23,18,2024-01-22 05:57:09
26,18,2024-01-22 05:57:24
33,18,2024-01-22 05:58:02
631,18,2024-01-22 05:58:46
498,18,2024-01-22 05:59:14
497,18,2024-01-22 05:59:26
496,18,2024-01-22 05:59:35
494,18,2024-01-22 05:59:52
488,18,2024-01-22 06:00:34
487,18,2024-01-22 06:00:46
469,18,2024-01-22 06:01:00
468,18,2024-01-22 06:01:13
467,18,2024-01-22 06:01:17
466,18,2024-01-22 06:01:30
464,18,2024-01-22 06:01:42
462,18,2024-01-22 06:01:48
461,18,2024-01-22 06:01:55
460,18,2024-01-22 06:02:15
458,18,2024-01-22 06:02:21
456,18,2024-01-22 06:03:09
455,18,2024-01-22 06:03:16
454,18,2024-01-22 06:03:36
453,18,2024-01-22 06:03:45
452,18,2024-01-22 06:04:02
438,18,2024-01-22 06:04:39
437,18,2024-01-22 06:04:53
436,18,2024-01-22 06:05:11
434,18,2024-01-22 06:05:25
432,18,2024-01-22 06:05:49
430,18,2024-01-22 06:05:52
428,18,2024-01-22 06:06:14
426,18,2024-01-22 06:06:40
425,18,2024-01-22 06:06:53
424,18,2024-01-22 06:07:07
423,18,2024-01-22 06:07:20
422,18,2024-01-22 06:07:25
634,18,2024-01-22 12:56:48
625,1,2024-01-23 12:59:38
623,1,2024-01-23 13:00:12
516,47,2024-01-29 22:46:09
52,47,2024-01-30 06:36:58
461,47,2024-01-30 06:37:19
33,47,2024-01-30 08:30:22
142,1,2024-01-30 16:37:09
19,1,2024-01-30 16:37:21
588,19,2024-01-30 22:46:43
58,18,2024-01-30 23:26:36
461,1,2024-01-31 22:37:11
551,1,2024-01-31 22:37:29
33,1,2024-01-31 22:37:48
58,1,2024-02-02 13:21:43
161,1,2024-02-06 11:41:07
453,47,2024-02-06 20:22:56
496,47,2024-02-06 20:25:33
462,47,2024-02-06 20:26:10
436,47,2024-02-06 20:27:18
430,47,2024-02-06 20:27:39
423,47,2024-02-06 20:28:06
412,47,2024-02-06 20:28:50
364,47,2024-02-06 20:30:32
459,26,2024-02-07 01:41:37
458,26,2024-02-07 01:41:42
616,26,2024-02-07 01:41:49
459,18,2024-02-07 23:19:19
558,26,2024-02-08 00:44:34
560,26,2024-02-08 00:44:38
556,26,2024-02-08 00:44:41
551,26,2024-02-08 00:44:44
549,26,2024-02-08 00:44:46
635,26,2024-02-08 00:44:54
634,26,2024-02-08 00:45:20
633,26,2024-02-08 00:45:26
161,26,2024-02-08 04:45:07
586,19,2024-02-08 12:19:29
163,47,2024-02-09 04:17:55
164,47,2024-02-09 04:18:40
427,47,2024-02-09 04:20:03
455,9,2024-03-06 14:04:56
160,18,2024-03-07 16:26:08
151,151,2024-03-09 04:43:05
161,151,2024-03-09 04:43:46
159,151,2024-03-09 04:44:03
560,151,2024-03-09 04:45:01
626,19,2024-03-10 11:24:59
494,1,2024-03-11 14:05:15
477,1,2024-03-11 14:12:23
415,155,2024-03-15 12:33:53
82,5,2024-03-18 05:00:14
617,19,2024-03-19 05:56:56
601,1,2024-03-19 06:04:13
590,19,2024-03-19 08:07:23
81,19,2024-03-19 08:18:19
158,9,2024-03-20 11:28:38
426,1,2024-03-20 15:50:32
161,149,2024-03-22 03:46:23
12,1,2024-03-22 11:52:39
460,1,2024-03-22 16:38:21
629,1,2024-03-23 09:25:33
52,1,2024-03-23 16:43:36
14,1,2024-03-24 09:08:47
415,167,2024-03-26 02:41:31
659,19,2024-03-26 11:22:27
269,169,2024-03-26 14:12:04
151,170,2024-03-26 22:49:58
390,170,2024-03-26 22:51:40
655,19,2024-03-27 17:24:40
657,19,2024-03-27 17:25:41
434,172,2024-03-27 18:32:15
193,172,2024-03-27 18:32:25
433,172,2024-03-27 18:32:28
191,172,2024-03-27 18:32:52
454,172,2024-03-27 18:33:59
453,172,2024-03-27 18:34:03
452,172,2024-03-27 18:34:05
451,172,2024-03-27 18:34:06
449,172,2024-03-27 18:34:21
540,174,2024-03-28 17:28:43
38,5,2024-03-29 06:16:33
39,5,2024-03-29 06:16:34
546,9,2024-03-29 11:01:56
629,9,2024-03-29 13:00:33
148,9,2024-03-29 13:11:09
82,9,2024-03-29 13:32:55
657,9,2024-03-29 16:52:46
641,129,2024-03-30 02:56:04
560,9,2024-03-30 08:33:19
657,1,2024-03-30 09:31:17
453,1,2024-03-30 09:31:24
586,1,2024-03-30 09:31:46
549,176,2024-03-30 13:02:39
558,1,2024-03-30 15:27:09
664,5,2024-03-30 19:24:12
663,5,2024-03-30 19:24:18
662,5,2024-03-30 19:24:38
660,1,2024-03-31 18:31:13
614,1,2024-04-01 10:21:50
538,1,2024-04-01 11:11:18
680,19,2024-04-01 14:50:46
685,1,2024-04-01 15:26:12
686,1,2024-04-02 09:16:45
695,9,2024-04-02 09:52:27
698,19,2024-04-02 09:58:36
619,5,2024-04-02 11:15:09
634,1,2024-04-02 18:06:19
159,9,2024-04-03 10:57:06
633,9,2024-04-03 13:22:05
727,19,2024-04-03 14:13:07
142,9,2024-04-03 15:57:13
634,180,2024-04-04 05:11:43
459,180,2024-04-04 05:11:57
35,9,2024-04-04 09:05:50
770,19,2024-04-04 17:41:28
32,1,2024-04-04 22:40:59
437,1,2024-04-04 22:43:13
47,1,2024-04-05 17:35:14
752,1,2024-04-05 18:17:54
358,1,2024-04-05 18:18:07
609,183,2024-04-05 18:43:24
608,183,2024-04-05 18:43:31
607,183,2024-04-05 18:43:34
606,183,2024-04-05 18:43:39
605,183,2024-04-05 18:43:42
726,1,2024-04-05 20:27:12
784,1,2024-04-05 20:40:49
784,182,2024-04-08 06:59:02
56,167,2024-04-08 11:35:44
635,19,2024-04-08 13:55:46
30,9,2024-04-09 09:49:14
822,9,2024-04-09 09:49:57
811,9,2024-04-09 09:56:02
722,167,2024-04-11 04:04:59
626,180,2024-04-12 03:54:17
81,180,2024-04-12 03:54:34
784,180,2024-04-12 03:55:06
635,180,2024-04-12 03:55:12
623,180,2024-04-12 06:48:33
19,9,2024-04-12 10:02:31
36,9,2024-04-12 10:03:21
56,155,2024-04-13 15:44:00
143,185,2024-04-15 06:45:40
703,1,2024-04-15 09:03:15
702,5,2024-04-15 11:59:44
623,9,2024-04-16 10:57:39
67,9,2024-04-16 11:01:41
66,9,2024-04-16 11:01:43
65,9,2024-04-16 11:01:46
64,9,2024-04-16 11:01:49
922,9,2024-04-16 11:02:08
920,9,2024-04-16 11:02:12
919,9,2024-04-16 11:02:14
84,9,2024-04-16 11:23:19
31,9,2024-04-16 14:13:08
168,9,2024-04-16 15:51:51
942,9,2024-04-16 15:52:03
941,9,2024-04-16 15:52:06
948,1,2024-04-16 16:18:13
133,1,2024-04-16 16:18:16
948,19,2024-04-16 16:20:20
947,19,2024-04-16 16:22:21
959,149,2024-04-16 17:45:33
376,9,2024-04-16 20:53:42
359,9,2024-04-16 20:53:46
169,9,2024-04-16 20:54:18
625,19,2024-04-17 11:22:52
979,19,2024-04-17 11:26:38
388,9,2024-04-17 14:21:53
17,1,2024-04-17 17:10:09
56,1,2024-04-17 17:10:48
979,9,2024-04-17 17:44:41
973,188,2024-04-17 18:33:50
997,9,2024-04-18 08:42:20
997,1,2024-04-18 08:42:40
177,149,2024-04-18 11:49:04
898,5,2024-04-18 13:32:27
84,5,2024-04-18 13:32:44
997,5,2024-04-18 13:33:53
987,19,2024-04-18 19:21:48
742,191,2024-04-20 02:25:09
610,192,2024-04-22 06:28:45
775,193,2024-04-22 22:07:30
784,195,2024-04-23 17:19:46
1001,195,2024-04-23 17:20:27
1002,195,2024-04-23 17:20:29
1003,195,2024-04-23 17:20:30
1004,195,2024-04-23 17:20:32
1005,195,2024-04-23 17:20:34
1006,195,2024-04-23 17:20:36
155,9,2024-04-23 17:36:43
1006,9,2024-04-23 17:39:29
1001,9,2024-04-23 17:48:59
1026,187,2024-04-24 17:18:20
159,187,2024-04-24 17:18:25
1033,187,2024-04-24 17:18:34
626,187,2024-04-24 17:18:39
416,1,2024-04-24 17:18:43
560,187,2024-04-24 17:45:54
997,187,2024-04-24 17:51:25
752,187,2024-04-25 08:41:32
884,187,2024-04-25 08:45:20
883,187,2024-04-25 08:49:48
166,19,2024-04-25 11:23:27
1060,19,2024-04-25 18:06:32
1048,180,2024-04-27 04:58:46
1045,180,2024-04-27 04:58:55
1039,180,2024-04-27 04:59:33
781,187,2024-04-27 09:55:44
1059,19,2024-04-27 14:47:19
904,187,2024-04-29 18:09:04
1052,187,2024-04-29 18:24:03
171,1,2024-05-03 08:26:49
909,199,2024-05-03 10:57:12
175,187,2024-05-06 11:35:25
1060,187,2024-05-06 11:36:19
1053,187,2024-05-06 11:41:51
1059,187,2024-05-06 11:43:07
1055,187,2024-05-06 11:43:11
894,187,2024-05-06 11:49:26
1006,187,2024-05-06 12:13:00
618,9,2024-05-06 12:47:53
1062,9,2024-05-06 16:08:38
1062,19,2024-05-07 09:57:33
1066,9,2024-05-07 16:10:00
1062,1,2024-05-07 17:39:44
698,5,2024-05-08 06:23:23
469,9,2024-05-08 08:55:58
497,9,2024-05-08 09:04:52
54,9,2024-05-08 15:05:09
638,9,2024-05-09 11:43:55
637,9,2024-05-09 11:45:53
983,187,2024-05-10 07:24:37
143,187,2024-05-10 07:24:49
415,203,2024-05-11 02:01:43
52,203,2024-05-11 02:01:48
548,203,2024-05-11 02:02:03
540,203,2024-05-11 02:02:09
1071,197,2024-05-11 22:48:46
1071,9,2024-05-13 13:24:01
721,9,2024-05-13 13:24:19
758,9,2024-05-13 15:27:01
633,187,2024-05-13 17:54:10
171,192,2024-05-14 05:12:20
640,9,2024-05-14 08:49:58
1064,19,2024-05-14 11:20:29
169,187,2024-05-14 20:14:32
1073,39,2024-05-15 08:39:50
159,207,2024-05-15 16:30:18
1033,207,2024-05-15 16:31:59
1057,208,2024-05-15 16:36:25
1060,208,2024-05-15 16:36:44
1060,1,2024-05-15 18:11:41
163,210,2024-05-15 21:57:43
1054,210,2024-05-15 21:59:29
1052,211,2024-05-16 11:40:33
56,187,2024-05-17 11:39:34
742,215,2024-05-18 08:30:04
1066,215,2024-05-18 08:30:30
1053,217,2024-05-18 14:40:24
1065,9,2024-05-20 10:45:58
159,218,2024-05-20 12:41:37
1059,218,2024-05-20 12:41:53
1064,9,2024-05-20 16:14:29
459,5,2024-05-20 17:17:23
1033,224,2024-05-22 23:35:24
1063,225,2024-05-24 07:23:45
1063,180,2024-05-24 07:52:57
164,9,2024-05-24 08:59:09
1055,232,2024-05-27 13:44:47
1053,232,2024-05-27 13:44:55
724,9,2024-05-29 12:33:46
14,9,2024-05-29 12:51:02
1059,236,2024-05-29 13:15:29
365,9,2024-05-29 19:41:16
972,1,2024-05-29 21:16:13
84,1,2024-05-29 21:16:20
1025,239,2024-05-30 06:48:44
821,9,2024-05-30 17:46:14
436,1,2024-06-01 14:38:19
159,241,2024-06-01 16:56:19
626,241,2024-06-01 16:56:39
1064,1,2024-06-01 17:28:19
1052,242,2024-06-02 05:40:11
159,246,2024-06-04 02:42:38
1024,247,2024-06-04 08:45:28
847,247,2024-06-04 08:46:09
773,9,2024-06-04 08:48:46
813,9,2024-06-04 08:48:52
814,9,2024-06-04 08:48:54
774,9,2024-06-04 08:48:57
693,9,2024-06-04 08:48:58
692,9,2024-06-04 08:49:00
652,9,2024-06-04 08:49:01
697,9,2024-06-04 08:49:18
1062,248,2024-06-04 09:29:47
1065,249,2024-06-04 10:18:39
159,254,2024-06-04 19:27:28
43,254,2024-06-04 19:27:53
49,254,2024-06-04 19:28:03
1033,254,2024-06-04 19:28:51
1062,256,2024-06-05 17:18:03
1063,257,2024-06-05 17:54:26
1065,1,2024-06-06 10:57:04
173,5,2024-06-06 11:25:34
1053,260,2024-06-06 19:13:07
1055,260,2024-06-06 19:14:46
1056,260,2024-06-06 19:15:02
847,260,2024-06-06 19:16:02
512,260,2024-06-06 19:16:14
415,260,2024-06-06 19:16:35
540,260,2024-06-06 19:16:50
1063,260,2024-06-06 19:17:30
1031,261,2024-06-07 01:33:20
1056,262,2024-06-07 06:40:33
1055,263,2024-06-07 12:04:34
1065,267,2024-06-07 21:33:32
1057,268,2024-06-08 01:46:47
1054,268,2024-06-08 01:46:51
1056,269,2024-06-08 02:20:15
635,270,2024-06-08 05:49:44
1062,274,2024-06-08 20:33:52
81,275,2024-06-09 02:19:23
1062,276,2024-06-09 03:12:08
1065,276,2024-06-09 03:14:37
1064,276,2024-06-09 03:15:33
1073,278,2024-06-09 10:29:14
1025,279,2024-06-09 10:29:54
847,279,2024-06-09 10:30:30
1062,280,2024-06-09 13:48:43
1064,281,2024-06-09 14:44:06
1062,283,2024-06-10 01:34:43
1066,283,2024-06-10 01:57:03
1066,284,2024-06-10 02:37:32
1066,285,2024-06-10 15:16:55
1062,285,2024-06-10 15:17:51
1064,286,2024-06-10 19:55:54
1065,286,2024-06-10 19:56:03
1062,286,2024-06-10 19:56:36
1065,296,2024-06-12 12:50:04
1064,296,2024-06-12 12:51:16
1064,298,2024-06-12 13:34:52
1064,283,2024-06-12 14:17:13
1064,299,2024-06-12 15:21:08
1065,299,2024-06-12 15:22:06
1066,300,2024-06-12 21:24:59
1065,301,2024-06-13 09:13:38
1064,301,2024-06-13 09:13:53
1064,302,2024-06-13 09:30:26
1062,302,2024-06-13 09:31:45
1066,302,2024-06-13 09:34:07
1062,312,2024-06-14 16:01:29
1066,315,2024-06-15 04:14:21
1064,315,2024-06-15 04:14:54
1065,316,2024-06-15 04:15:36
1065,315,2024-06-15 04:15:48
1062,316,2024-06-15 04:17:06
1062,315,2024-06-15 04:17:53
1062,318,2024-06-15 08:49:06
1062,322,2024-06-15 18:25:16
1066,322,2024-06-15 18:36:49
1066,327,2024-06-16 05:34:45
1065,327,2024-06-16 05:34:50
1064,322,2024-06-16 09:52:38
1065,325,2024-06-16 10:30:11
1064,330,2024-06-16 17:12:13
1065,330,2024-06-16 17:14:07
1066,330,2024-06-16 17:16:13
1064,331,2024-06-16 17:34:39
1066,331,2024-06-16 17:36:04
1062,331,2024-06-16 17:36:27
159,332,2024-06-16 19:27:19
1056,332,2024-06-16 19:27:26
44,332,2024-06-16 19:27:53
159,334,2024-06-17 04:28:36
1057,334,2024-06-17 04:29:21
1031,334,2024-06-17 04:29:28
44,18,2024-06-17 09:26:54
1065,322,2024-06-17 09:41:46
44,348,2024-06-17 16:35:42
159,368,2024-06-17 16:49:27
560,368,2024-06-17 16:49:28
1062,402,2024-06-18 04:56:56
1006,389,2024-06-18 08:54:57
549,404,2024-06-18 09:10:46
150,404,2024-06-18 09:10:49
942,404,2024-06-18 09:12:04
161,419,2024-06-18 11:04:42
40,422,2024-06-18 11:06:26
1066,423,2024-06-18 11:07:53
31,431,2024-06-18 15:15:55
143,435,2024-06-18 16:56:58
1065,19,2024-06-19 01:16:52
159,440,2024-06-19 02:22:20
1056,440,2024-06-19 02:22:42
1053,440,2024-06-19 02:22:57
1063,442,2024-06-19 06:21:04
1062,452,2024-06-19 13:00:10
1064,457,2024-06-19 15:18:33
1062,457,2024-06-19 15:18:42
1066,457,2024-06-19 15:18:45
1062,458,2024-06-19 15:32:27
1054,464,2024-06-19 22:40:51
1059,464,2024-06-19 22:41:39
1066,470,2024-06-20 08:05:25
1065,470,2024-06-20 08:43:59
44,486,2024-06-20 10:29:27
1064,470,2024-06-20 10:29:40
560,503,2024-06-20 14:06:05
1064,505,2024-06-20 14:34:31
1062,505,2024-06-20 14:36:13
1064,514,2024-06-20 16:42:58
1065,514,2024-06-20 16:43:07
1066,514,2024-06-20 16:43:11
1065,505,2024-06-20 16:44:09
1031,519,2024-06-20 20:25:42
1057,519,2024-06-20 20:27:10
44,519,2024-06-20 20:29:29
1055,520,2024-06-20 20:30:13
1030,519,2024-06-20 20:30:57
161,520,2024-06-20 20:31:17
40,520,2024-06-20 20:31:55
142,520,2024-06-20 20:32:05
173,520,2024-06-20 20:32:24
1053,520,2024-06-20 20:35:10
1033,520,2024-06-20 20:35:53
1032,531,2024-06-21 09:01:31
159,531,2024-06-21 09:02:01
44,531,2024-06-21 09:03:18
1054,531,2024-06-21 09:04:27
549,531,2024-06-21 09:06:12
43,531,2024-06-21 09:07:51
56,531,2024-06-21 09:09:18
1060,531,2024-06-21 09:09:36
1073,9,2024-06-21 11:12:39
1063,19,2024-06-21 11:29:24
159,19,2024-06-21 11:34:19
1064,543,2024-06-21 11:50:39
1066,543,2024-06-21 11:54:20
1065,543,2024-06-21 11:55:58
1062,543,2024-06-21 12:00:10
629,545,2024-06-21 12:02:07
727,545,2024-06-21 12:03:40
1025,540,2024-06-21 17:45:46
44,558,2024-06-21 17:56:04
625,560,2024-06-21 18:50:29
948,560,2024-06-21 18:51:29
1064,574,2024-06-22 10:17:09
1062,574,2024-06-22 10:21:24
1065,574,2024-06-22 10:24:32
1066,574,2024-06-22 10:26:14
917,9,2024-06-22 11:06:55
1064,586,2024-06-22 15:58:16
1066,586,2024-06-22 15:58:34
1066,589,2024-06-23 00:10:46
1065,589,2024-06-23 00:14:45
1066,590,2024-06-23 00:39:10
81,590,2024-06-23 00:42:42
167,18,2024-06-23 04:51:23
151,603,2024-06-23 14:13:41
1064,609,2024-06-23 16:08:43
1066,609,2024-06-23 16:13:20
1062,609,2024-06-23 16:13:46
1066,612,2024-06-23 17:59:55
1062,612,2024-06-23 18:00:22
1064,612,2024-06-23 18:00:24
1065,612,2024-06-23 18:00:50
1065,615,2024-06-23 20:59:36
1066,615,2024-06-23 21:00:51
1053,616,2024-06-23 22:41:34
1063,616,2024-06-23 22:41:41
159,616,2024-06-23 22:41:48
1057,616,2024-06-23 22:41:53
1053,617,2024-06-24 00:44:55
161,494,2024-06-25 08:41:20
847,650,2024-06-25 13:44:26
1065,609,2024-06-25 18:39:57
1064,656,2024-06-26 00:34:44
1065,656,2024-06-26 00:35:29
1062,654,2024-06-26 05:46:40
1064,654,2024-06-26 05:48:04
908,9,2024-06-26 11:32:36
1052,9,2024-06-26 11:34:10
1064,663,2024-06-26 15:28:03
1053,669,2024-06-26 18:57:31
1065,680,2024-06-27 07:24:45
1066,680,2024-06-27 07:24:57
788,9,2024-06-27 12:23:23
972,9,2024-06-27 12:34:27
984,9,2024-06-27 12:36:17
56,9,2024-06-27 12:39:29
982,9,2024-06-27 12:40:22
1065,672,2024-06-27 17:06:36
1062,672,2024-06-27 17:08:14
1064,672,2024-06-27 17:08:16
1066,672,2024-06-27 17:08:18
816,9,2024-06-27 17:42:12
159,702,2024-06-28 07:32:34
1064,710,2024-06-28 17:18:25
1065,710,2024-06-28 17:26:18
780,47,2024-06-28 18:01:13
724,47,2024-06-28 18:04:35
1059,47,2024-06-28 18:05:18
770,47,2024-06-28 18:06:46
1055,711,2024-06-28 20:50:09
1066,712,2024-06-29 10:33:03
1064,715,2024-06-29 15:02:14
1065,715,2024-06-29 15:02:49
1064,716,2024-06-29 22:18:52
1064,720,2024-06-30 11:33:53
1065,720,2024-06-30 11:34:28
1066,720,2024-06-30 11:34:34
1066,708,2024-06-30 19:16:27
1064,708,2024-06-30 19:23:09
1066,722,2024-07-01 13:51:07
1064,724,2024-07-02 07:13:48
1065,724,2024-07-02 07:15:56
1066,724,2024-07-02 07:15:59
1055,725,2024-07-02 10:00:21
1062,726,2024-07-02 11:03:50
1088,730,2024-07-02 23:56:46
945,730,2024-07-03 00:07:54
1079,730,2024-07-03 00:28:55
1053,731,2024-07-03 19:23:05
1001,731,2024-07-03 19:23:49
1022,731,2024-07-03 19:23:55
1088,733,2024-07-03 22:34:15
998,735,2024-07-04 08:49:51
626,735,2024-07-04 08:50:02
383,9,2024-07-04 11:55:29
939,9,2024-07-04 11:56:46
938,9,2024-07-04 11:56:54
1057,736,2024-07-04 12:47:54
1055,739,2024-07-05 06:47:03
1065,740,2024-07-05 08:25:28
1079,741,2024-07-05 11:22:53
1088,741,2024-07-05 11:22:56
1087,741,2024-07-05 11:22:59
1086,741,2024-07-05 11:23:01
1085,741,2024-07-05 11:23:05
1084,741,2024-07-05 11:23:07
1083,741,2024-07-05 11:23:10
1082,741,2024-07-05 11:23:14
1081,741,2024-07-05 11:23:16
1062,741,2024-07-05 11:23:21
1078,741,2024-07-05 11:23:23
1077,741,2024-07-05 11:23:26
1076,741,2024-07-05 11:23:35
1074,741,2024-07-05 11:23:37
1066,741,2024-07-05 11:23:38
1075,741,2024-07-05 11:23:41
1065,741,2024-07-05 11:23:42
1065,746,2024-07-06 21:55:21
1064,748,2024-07-07 04:26:20
1066,748,2024-07-07 04:29:18
1064,751,2024-07-07 10:01:16
1065,751,2024-07-07 10:02:13
1066,751,2024-07-07 10:05:32
1088,751,2024-07-07 10:05:56
1062,751,2024-07-07 10:07:18
1064,752,2024-07-07 10:18:48
1064,753,2024-07-08 04:44:49
1065,753,2024-07-08 04:44:56
997,305,2024-07-08 10:59:05
1064,756,2024-07-08 14:11:13
1085,759,2024-07-09 05:31:53
1086,759,2024-07-09 05:31:54
1064,759,2024-07-09 05:33:46
1065,759,2024-07-09 05:33:53
1080,759,2024-07-09 05:41:16
1066,759,2024-07-09 05:43:15
1062,759,2024-07-09 05:43:36
1081,470,2024-07-09 19:18:57
1079,470,2024-07-09 19:21:20
1064,764,2024-07-09 20:45:18
1064,765,2024-07-10 00:54:36
1075,766,2024-07-10 05:45:27
1062,766,2024-07-10 05:47:16
1059,768,2024-07-10 12:09:05
44,768,2024-07-10 12:10:52
1032,768,2024-07-10 12:14:32
1088,470,2024-07-10 16:17:23
590,770,2024-07-10 17:28:51
1056,770,2024-07-10 17:32:50
173,770,2024-07-10 17:33:33
1059,770,2024-07-10 17:34:56
1030,770,2024-07-10 17:35:32
1057,771,2024-07-10 20:06:27
1032,771,2024-07-10 20:08:39
1055,771,2024-07-10 20:09:34
1056,771,2024-07-10 20:09:57
540,771,2024-07-10 20:10:04
1092,771,2024-07-10 20:10:11
1053,771,2024-07-10 20:12:06
1064,772,2024-07-11 03:11:07
1064,774,2024-07-11 10:41:06
1075,774,2024-07-11 10:47:02
1087,774,2024-07-11 10:50:49
1092,775,2024-07-11 14:00:25
1060,775,2024-07-11 14:00:59
44,775,2024-07-11 14:01:16
1063,775,2024-07-11 14:05:20
1062,777,2024-07-12 02:58:28
1086,777,2024-07-12 03:01:07
1064,778,2024-07-12 05:07:23
1062,774,2024-07-12 09:41:37
1081,781,2024-07-12 11:11:21
780,398,2024-07-12 16:00:51
29,1,2024-07-12 16:44:59
866,783,2024-07-12 17:22:02
1080,784,2024-07-12 20:48:38
1088,784,2024-07-12 20:48:44
1086,784,2024-07-12 20:48:48
1085,784,2024-07-12 20:48:50
1081,784,2024-07-12 20:49:40
1083,470,2024-07-13 06:17:02
1064,784,2024-07-14 12:03:45
1057,790,2024-07-15 09:34:48
1066,793,2024-07-16 01:24:38
1083,793,2024-07-16 02:53:49
1064,795,2024-07-16 08:48:07
1064,797,2024-07-16 13:30:03
1085,797,2024-07-16 13:31:48
1084,797,2024-07-16 13:31:50
1053,801,2024-07-16 15:01:58
1032,802,2024-07-16 16:07:27
173,802,2024-07-16 16:08:01
1080,774,2024-07-16 18:02:06
983,18,2024-07-16 20:39:03
1053,803,2024-07-17 01:19:28
1057,805,2024-07-17 06:15:28
1062,808,2024-07-18 09:50:55
1064,810,2024-07-18 22:28:20
779,5,2024-07-19 00:06:52
1088,810,2024-07-19 07:55:24
1080,813,2024-07-19 17:36:32
1066,814,2024-07-19 18:14:30
1065,815,2024-07-20 02:30:17
1066,818,2024-07-20 08:44:36
1088,818,2024-07-20 08:45:35
1065,818,2024-07-20 08:47:27
1087,818,2024-07-20 08:48:41
1079,818,2024-07-20 09:00:49
1092,819,2024-07-20 09:46:56
1059,1,2024-07-20 17:19:44
39,1,2024-07-20 21:27:11
1057,821,2024-07-21 02:43:56
1055,821,2024-07-21 02:44:20
1026,821,2024-07-21 02:44:46
1057,822,2024-07-21 07:41:23
796,1,2024-07-21 11:18:26
1092,823,2024-07-21 15:10:27
1032,823,2024-07-21 15:11:07
377,5,2024-07-23 08:33:08
560,832,2024-07-23 16:27:28
1088,834,2024-07-24 11:04:03
1086,836,2024-07-24 12:43:10
1084,836,2024-07-24 12:43:15
1083,836,2024-07-24 12:43:19
1082,836,2024-07-24 12:43:21
1081,836,2024-07-24 12:43:23
159,840,2024-07-24 21:45:49
173,840,2024-07-24 21:46:16
1057,840,2024-07-24 21:46:23
1064,843,2024-07-25 02:18:45
1065,843,2024-07-25 02:19:21
1066,843,2024-07-25 02:20:51
1088,843,2024-07-25 02:21:38
1062,843,2024-07-25 02:22:49
1087,843,2024-07-25 02:27:24
1086,843,2024-07-25 02:27:39
1085,843,2024-07-25 02:28:22
1084,843,2024-07-25 02:30:21
1083,843,2024-07-25 02:31:38
1082,843,2024-07-25 02:32:37
1081,843,2024-07-25 02:32:54
1080,843,2024-07-25 02:33:32
1084,834,2024-07-25 10:55:12
1064,846,2024-07-25 13:11:21
1065,283,2024-07-25 20:05:02
1088,283,2024-07-25 20:05:40
1088,846,2024-07-25 20:40:32
1087,846,2024-07-25 20:41:40
1086,846,2024-07-25 20:42:30
1079,843,2024-07-26 01:53:42
1054,850,2024-07-26 09:22:00
86,1,2024-07-26 10:31:44
796,851,2024-07-26 12:32:51
814,1,2024-07-26 13:15:18
159,852,2024-07-26 14:36:23
1063,18,2024-07-26 22:38:41
1085,853,2024-07-27 09:12:27
1084,853,2024-07-27 09:12:29
1088,853,2024-07-27 09:12:49
1062,853,2024-07-27 09:13:07
1064,855,2024-07-27 14:24:26
1066,855,2024-07-27 14:26:39
1079,856,2024-07-27 19:13:42
29,5,2024-07-28 01:19:07
775,5,2024-07-28 01:19:14
560,859,2024-07-28 12:21:12
1077,860,2024-07-28 13:31:26
1064,860,2024-07-28 13:31:39
1088,861,2024-07-28 15:24:34
173,864,2024-07-29 13:20:06
1055,866,2024-07-30 00:59:48
1024,867,2024-07-30 04:41:50
549,867,2024-07-30 04:43:11
66,867,2024-07-30 04:44:22
1057,867,2024-07-30 04:47:21
1031,867,2024-07-30 04:48:09
1054,868,2024-07-30 04:49:14
1059,867,2024-07-30 04:49:27
1028,867,2024-07-30 04:49:31
1032,868,2024-07-30 04:50:00
1056,868,2024-07-30 04:53:48
173,868,2024-07-30 04:54:38
1088,868,2024-07-30 04:56:02
1083,868,2024-07-30 04:56:14
1066,869,2024-07-30 07:11:23
1066,870,2024-07-30 12:55:49
1088,871,2024-07-30 14:10:20
1062,871,2024-07-30 14:12:43
1026,873,2024-07-31 07:48:14
1086,774,2024-07-31 11:25:11
1092,878,2024-08-01 09:07:37
1065,880,2024-08-01 14:44:07
1064,882,2024-08-01 20:46:20
1065,882,2024-08-01 20:46:37
1079,882,2024-08-01 23:52:09
1087,882,2024-08-01 23:52:51
1086,882,2024-08-01 23:53:11
1085,882,2024-08-01 23:53:35
1082,882,2024-08-01 23:53:52
1081,882,2024-08-01 23:54:11
1077,882,2024-08-01 23:55:21
1076,882,2024-08-01 23:55:33
1075,882,2024-08-01 23:55:39
1074,882,2024-08-01 23:55:45
1066,882,2024-08-01 23:55:50
1065,885,2024-08-02 01:12:05
1066,885,2024-08-02 01:12:09
1064,887,2024-08-02 01:43:02
1080,887,2024-08-02 01:45:35
1088,887,2024-08-02 01:45:52
1082,887,2024-08-02 01:46:40
1053,888,2024-08-02 02:30:52
1080,882,2024-08-02 05:15:01
1084,882,2024-08-02 05:15:12
1083,882,2024-08-02 05:15:14
1062,882,2024-08-02 05:15:21
1078,882,2024-08-02 05:15:33
1080,891,2024-08-02 08:31:37
1087,891,2024-08-02 08:31:41
1086,891,2024-08-02 08:31:43
1085,891,2024-08-02 08:31:45
1083,891,2024-08-02 08:31:48
1082,891,2024-08-02 08:31:50
1081,891,2024-08-02 08:31:52
1062,891,2024-08-02 08:31:54
1084,891,2024-08-02 08:31:54
1079,891,2024-08-02 08:31:58
1088,891,2024-08-02 08:53:57
1065,892,2024-08-02 09:14:26
1087,892,2024-08-02 09:18:11
1065,895,2024-08-02 13:42:57
1088,896,2024-08-02 15:50:11
634,898,2024-08-03 20:47:15
1057,902,2024-08-05 04:25:20
1032,902,2024-08-05 04:25:40
1023,902,2024-08-05 04:25:48
132,1,2024-08-06 11:14:21
815,1,2024-08-07 08:37:00
159,909,2024-08-08 06:43:50
1100,911,2024-08-08 18:32:08
996,5,2024-08-09 06:09:20
714,5,2024-08-09 06:11:00
694,19,2024-08-09 10:58:18
1096,19,2024-08-09 10:58:51
1062,912,2024-08-09 13:15:14
1104,917,2024-08-09 13:27:55
1098,917,2024-08-09 13:28:08
1099,1,2024-08-09 16:44:25
1110,920,2024-08-10 18:43:07
