Post ID,User ID,Rating Percent,Rated At
516,1,64,2024-01-11 12:45:41
160,1,62,2024-01-11 12:47:15
19,1,20,2024-01-11 12:47:28
148,1,100,2024-01-11 12:49:35
513,1,63,2024-01-11 12:50:58
583,1,77,2024-01-11 12:51:32
546,1,57,2024-01-15 19:46:18
142,5,100,2024-01-16 02:30:59
153,1,64,2024-01-16 10:27:42
152,1,43,2024-01-16 11:59:56
629,1,19,2024-01-16 12:11:14
14,1,54,2024-01-16 12:14:50
164,1,100,2024-01-16 12:47:44
549,1,79,2024-01-16 12:48:05
633,1,60,2024-01-16 13:02:49
16,1,28,2024-01-16 15:33:08
558,1,54,2024-01-16 17:40:14
517,1,82,2024-01-16 17:42:51
161,1,59,2024-01-16 17:46:17
633,18,21,2024-01-16 22:46:54
590,18,39,2024-01-16 22:50:18
35,18,22,2024-01-26 18:10:01
36,18,12,2024-01-26 18:10:08
56,18,92,2024-01-29 17:44:10
142,1,96,2024-01-30 16:37:05
461,1,56,2024-01-31 22:37:18
551,1,26,2024-01-31 22:37:27
33,1,50,2024-01-31 22:37:42
132,18,82,2024-02-10 03:33:17
148,152,66,2024-03-10 13:09:10
82,18,21,2024-03-12 08:08:37
82,5,86,2024-03-18 05:00:16
151,1,23,2024-03-22 12:36:50
58,18,90,2024-03-26 02:27:17
415,167,68,2024-03-26 02:41:17
512,167,46,2024-03-26 02:53:58
629,9,24,2024-03-29 12:53:09
560,5,60,2024-04-02 11:15:51
31,5,65,2024-04-02 11:17:12
551,9,36,2024-04-02 17:41:02
159,9,60,2024-04-02 18:23:12
143,9,74,2024-04-02 18:31:53
154,9,47,2024-04-02 18:45:08
560,9,79,2024-04-03 11:09:52
86,9,63,2024-04-03 13:10:14
727,9,42,2024-04-03 13:10:55
724,9,48,2024-04-03 13:11:50
722,9,48,2024-04-03 13:25:32
633,9,61,2024-04-03 13:32:03
60,1,62,2024-04-03 14:11:23
560,1,81,2024-04-03 14:12:01
159,1,68,2024-04-03 14:12:23
726,19,79,2024-04-03 14:12:46
723,19,79,2024-04-03 14:14:50
154,5,5,2024-04-03 14:25:36
40,5,32,2024-04-03 14:26:09
143,5,32,2024-04-03 14:33:32
40,1,68,2024-04-03 15:23:03
14,5,60,2024-04-03 15:23:19
516,5,85,2024-04-03 15:23:19
629,5,100,2024-04-03 15:23:19
36,5,94,2024-04-03 15:23:24
143,1,22,2024-04-03 15:23:25
558,5,29,2024-04-03 15:23:28
60,5,16,2024-04-03 15:23:28
56,5,49,2024-04-03 15:23:28
56,1,26,2024-04-03 15:23:38
14,9,22,2024-04-03 15:37:55
558,9,58,2024-04-03 15:37:58
161,9,45,2024-04-03 15:38:47
56,9,16,2024-04-03 15:40:08
152,9,73,2024-04-03 15:43:41
31,9,16,2024-04-03 15:44:35
35,9,63,2024-04-03 15:50:55
142,9,74,2024-04-03 15:56:26
546,9,70,2024-04-03 15:59:08
558,18,30,2024-04-03 19:40:12
629,18,8,2024-04-03 19:40:13
560,18,63,2024-04-03 19:40:18
14,18,29,2024-04-03 19:40:20
517,18,25,2024-04-03 19:40:38
60,18,10,2024-04-03 19:40:57
19,18,1,2024-04-03 19:40:58
31,18,38,2024-04-03 19:41:01
143,170,73,2024-04-03 20:44:35
583,9,15,2024-04-04 09:32:44
19,9,73,2024-04-04 12:57:24
36,9,22,2024-04-04 12:59:46
60,9,56,2024-04-04 12:59:51
512,9,63,2024-04-04 13:00:05
590,9,67,2024-04-04 13:32:29
160,9,45,2024-04-04 13:32:31
461,9,62,2024-04-04 13:32:33
58,9,43,2024-04-04 13:32:35
549,9,24,2024-04-04 13:38:29
723,9,32,2024-04-04 13:38:31
726,9,63,2024-04-04 13:38:36
16,9,12,2024-04-04 13:38:40
132,9,62,2024-04-04 13:38:41
82,9,28,2024-04-04 16:26:48
164,9,47,2024-04-04 16:28:07
40,9,64,2024-04-04 16:28:16
516,9,22,2024-04-04 16:34:23
151,9,65,2024-04-04 16:34:26
153,9,46,2024-04-04 16:34:30
513,9,43,2024-04-04 16:34:33
415,9,66,2024-04-04 16:35:23
23,9,41,2024-04-04 16:50:37
34,9,65,2024-04-04 16:50:39
32,9,67,2024-04-04 16:54:24
43,9,61,2024-04-04 16:55:06
38,9,43,2024-04-04 16:55:10
437,1,74,2024-04-04 17:52:00
436,1,31,2024-04-04 17:52:02
434,1,43,2024-04-04 17:52:04
23,1,51,2024-04-04 17:52:38
38,1,16,2024-04-04 17:52:43
35,1,54,2024-04-04 17:52:57
32,1,100,2024-04-04 17:57:16
132,1,67,2024-04-04 17:57:31
723,1,50,2024-04-04 17:57:34
512,1,53,2024-04-04 17:57:42
154,1,23,2024-04-04 22:40:32
86,1,46,2024-04-04 22:42:43
34,1,61,2024-04-04 22:42:54
415,1,63,2024-04-04 22:43:00
726,1,68,2024-04-04 22:43:13
436,18,28,2024-04-05 02:12:14
16,18,29,2024-04-05 02:12:23
154,18,55,2024-04-05 02:12:25
153,18,7,2024-04-05 02:12:28
590,1,29,2024-04-05 17:34:42
58,1,36,2024-04-05 17:34:49
28,1,51,2024-04-05 17:34:55
30,1,61,2024-04-05 17:35:01
50,1,49,2024-04-05 17:35:03
49,1,61,2024-04-05 17:35:07
36,47,19,2024-04-05 18:43:18
38,47,18,2024-04-05 18:43:20
56,47,13,2024-04-05 18:43:59
16,47,15,2024-04-05 18:44:00
434,9,64,2024-04-09 09:49:12
30,9,37,2024-04-09 09:49:19
50,9,67,2024-04-09 09:49:25
49,9,33,2024-04-09 09:49:44
15,9,68,2024-04-09 09:55:48
15,47,16,2024-04-10 19:03:33
52,9,67,2024-04-12 13:20:06
129,9,47,2024-04-12 13:20:08
152,5,82,2024-04-13 12:54:51
153,5,24,2024-04-13 12:55:54
160,5,12,2024-04-13 12:56:08
33,5,58,2024-04-13 12:56:11
461,5,17,2024-04-13 12:56:17
727,5,70,2024-04-13 12:56:22
43,5,19,2024-04-13 12:56:24
23,5,52,2024-04-13 12:56:30
583,5,17,2024-04-13 12:56:33
434,5,43,2024-04-13 12:56:35
148,5,24,2024-04-13 12:56:45
35,5,56,2024-04-15 06:46:14
15,18,68,2024-04-16 05:18:22
516,18,26,2024-04-16 05:18:24
461,18,38,2024-04-16 05:18:29
722,18,23,2024-04-16 05:19:18
28,18,32,2024-04-16 05:19:32
724,5,26,2024-04-16 07:03:50
549,5,20,2024-04-16 07:04:06
513,5,27,2024-04-16 07:04:07
517,5,26,2024-04-16 07:04:22
164,5,43,2024-04-16 07:04:45
86,5,53,2024-04-16 07:04:47
49,5,41,2024-04-16 07:04:50
30,5,57,2024-04-16 07:04:54
137,9,49,2024-04-16 11:01:42
135,9,73,2024-04-16 11:01:45
133,9,63,2024-04-16 11:01:48
138,9,64,2024-04-16 11:02:10
27,9,68,2024-04-16 11:02:11
26,9,45,2024-04-16 11:02:13
131,9,63,2024-04-16 11:16:52
130,9,17,2024-04-16 11:16:52
85,9,39,2024-04-16 11:23:19
84,9,59,2024-04-16 11:48:08
436,9,65,2024-04-16 14:13:01
358,9,57,2024-04-16 15:48:32
158,9,21,2024-04-16 15:52:05
156,9,66,2024-04-16 15:52:08
26,1,37,2024-04-16 16:17:52
131,1,63,2024-04-16 16:17:54
376,9,78,2024-04-16 20:53:46
359,9,74,2024-04-16 20:54:15
137,1,58,2024-04-17 16:04:51
138,1,33,2024-04-17 16:04:52
159,19,93,2024-04-17 17:01:53
27,1,63,2024-04-17 17:09:51
129,1,64,2024-04-17 17:09:53
135,1,21,2024-04-17 17:09:55
359,1,20,2024-04-17 17:09:57
376,1,88,2024-04-17 17:09:59
173,1,41,2024-04-17 17:10:00
39,1,95,2024-04-17 17:10:03
13,1,22,2024-04-17 17:10:04
362,1,18,2024-04-17 17:10:06
17,1,21,2024-04-17 17:10:12
177,1,17,2024-04-17 17:10:19
130,1,51,2024-04-17 17:10:24
15,1,34,2024-04-17 17:10:28
158,1,58,2024-04-17 17:10:30
84,1,73,2024-04-17 17:10:35
31,1,20,2024-04-17 17:10:37
36,1,60,2024-04-17 17:10:47
979,9,34,2024-04-17 17:44:46
84,18,15,2024-04-17 22:53:55
979,18,27,2024-04-17 22:53:55
722,5,18,2024-04-18 10:52:29
177,5,13,2024-04-18 10:52:57
130,5,76,2024-04-18 13:32:42
84,5,12,2024-04-18 13:32:45
15,5,11,2024-04-18 13:32:48
177,18,57,2024-04-18 16:48:20
362,18,21,2024-04-18 16:48:22
130,18,16,2024-04-18 19:14:56
173,18,49,2024-04-18 23:10:00
17,18,72,2024-04-18 23:10:15
159,190,21,2024-04-19 11:53:11
560,190,17,2024-04-19 11:53:23
161,190,22,2024-04-19 11:53:36
143,190,19,2024-04-19 11:54:22
151,190,19,2024-04-19 11:54:34
33,190,19,2024-04-19 11:54:50
415,190,15,2024-04-19 11:55:11
86,190,14,2024-04-19 11:55:13
540,190,34,2024-04-19 11:55:25
512,190,22,2024-04-19 11:55:42
40,190,15,2024-04-19 11:55:52
52,190,19,2024-04-19 11:55:53
154,190,23,2024-04-19 11:55:55
31,190,12,2024-04-19 11:55:56
19,190,7,2024-04-19 11:56:57
142,190,16,2024-04-19 11:57:12
150,190,10,2024-04-19 11:57:27
155,190,14,2024-04-19 11:57:29
516,190,9,2024-04-19 11:57:35
160,190,25,2024-04-19 11:57:59
724,190,11,2024-04-19 11:58:04
153,190,15,2024-04-19 11:58:18
436,190,20,2024-04-19 11:58:51
722,190,17,2024-04-19 11:58:53
158,190,21,2024-04-19 11:59:54
43,190,12,2024-04-19 12:00:18
549,190,12,2024-04-19 12:00:37
28,190,23,2024-04-19 12:01:35
137,190,25,2024-04-19 12:02:10
461,190,15,2024-04-19 12:02:20
513,190,20,2024-04-19 12:02:33
135,190,25,2024-04-19 12:02:43
359,190,14,2024-04-19 12:03:02
177,190,11,2024-04-19 12:08:08
130,190,13,2024-04-19 12:09:19
15,190,19,2024-04-19 12:10:49
84,190,14,2024-04-19 12:11:04
629,190,40,2024-04-19 12:11:06
173,190,18,2024-04-19 12:11:53
56,190,31,2024-04-19 12:12:14
362,190,22,2024-04-19 12:12:27
13,190,13,2024-04-19 12:13:34
979,190,11,2024-04-19 12:13:39
38,190,22,2024-04-19 12:13:42
60,190,26,2024-04-19 12:14:02
558,190,21,2024-04-19 12:14:14
36,190,6,2024-04-19 12:14:43
34,18,21,2024-04-21 18:00:28
131,18,13,2024-04-21 18:00:28
133,18,23,2024-04-21 18:00:40
155,18,31,2024-04-23 16:26:28
13,18,31,2024-04-23 16:26:51
724,18,29,2024-04-23 16:27:27
43,18,23,2024-04-23 16:27:38
158,18,10,2024-04-23 16:27:41
137,18,1,2024-04-23 16:27:42
155,9,47,2024-04-23 17:36:46
414,9,70,2024-04-23 17:37:07
1007,9,73,2024-04-23 17:37:10
424,9,63,2024-04-23 17:37:13
423,9,66,2024-04-23 17:37:23
416,9,46,2024-04-23 17:39:27
1006,9,71,2024-04-23 17:46:49
426,9,52,2024-04-23 17:46:58
159,187,61,2024-04-24 17:18:26
560,19,93,2024-04-25 18:05:25
13,152,8,2024-04-26 02:28:31
362,152,9,2024-04-26 02:28:32
161,19,22,2024-04-26 17:11:13
1006,152,6,2024-04-28 03:51:27
549,152,7,2024-04-28 03:51:33
135,152,10,2024-04-28 14:14:00
359,152,8,2024-04-28 14:14:02
133,152,15,2024-04-28 14:14:05
131,152,6,2024-04-28 14:14:06
17,152,7,2024-04-28 14:14:08
34,152,11,2024-04-28 14:14:09
426,152,9,2024-04-28 14:14:12
434,152,29,2024-04-28 14:14:17
49,152,7,2024-04-28 14:14:17
23,152,10,2024-04-28 14:14:20
416,152,10,2024-04-28 14:14:21
358,152,4,2024-04-28 14:14:23
1006,18,69,2024-04-28 21:38:14
359,18,38,2024-04-28 21:38:21
135,18,52,2024-04-28 21:38:26
39,18,17,2024-04-28 21:39:41
723,18,21,2024-04-28 21:39:42
49,18,29,2024-04-28 21:39:45
52,18,23,2024-04-28 21:39:46
723,152,10,2024-04-29 02:25:15
129,152,10,2024-04-29 02:25:19
424,152,6,2024-04-29 02:25:26
138,152,7,2024-04-29 02:25:27
13,160,15,2024-04-29 10:27:38
50,152,9,2024-04-30 02:16:29
27,152,6,2024-04-30 02:16:44
32,152,16,2024-04-30 02:16:46
156,152,12,2024-04-30 02:16:48
85,152,11,2024-05-01 02:30:14
152,152,18,2024-05-01 02:30:19
726,152,13,2024-05-01 02:30:25
130,47,10,2024-05-02 00:42:11
173,47,13,2024-05-02 00:42:46
1006,47,18,2024-05-02 00:43:58
1006,190,16,2024-05-02 00:53:59
16,190,19,2024-05-02 00:57:37
426,190,22,2024-05-02 00:59:56
424,190,39,2024-05-02 01:01:37
132,152,10,2024-05-02 14:14:54
376,152,30,2024-05-02 14:14:55
414,152,10,2024-05-03 02:25:17
58,152,15,2024-05-03 02:25:27
1007,152,11,2024-05-03 02:25:47
437,152,8,2024-05-03 02:27:37
83,152,7,2024-05-03 16:32:02
1060,152,9,2024-05-03 16:32:03
169,152,11,2024-05-03 16:32:04
175,1,14,2024-05-03 17:52:32
361,1,57,2024-05-03 17:52:34
252,1,24,2024-05-03 17:52:36
15,19,88,2024-05-05 11:26:16
361,152,34,2024-05-05 15:57:42
252,152,12,2024-05-06 03:31:35
100,152,15,2024-05-07 02:42:46
1059,152,13,2024-05-07 02:42:56
176,152,12,2024-05-07 02:42:56
171,152,7,2024-05-07 02:43:05
100,187,35,2024-05-07 09:32:22
19,187,80,2024-05-07 09:33:27
629,187,99,2024-05-07 09:38:43
133,187,37,2024-05-07 09:50:33
153,187,30,2024-05-07 09:57:30
143,187,25,2024-05-07 10:17:35
1006,187,23,2024-05-07 10:18:14
173,187,37,2024-05-07 10:22:24
84,187,29,2024-05-07 10:43:51
176,187,13,2024-05-07 11:14:02
169,187,15,2024-05-07 11:28:32
83,187,27,2024-05-07 11:28:55
1060,187,34,2024-05-07 11:40:09
171,187,94,2024-05-07 11:40:32
1059,187,25,2024-05-07 11:48:23
150,187,37,2024-05-07 11:50:51
13,187,17,2024-05-07 11:50:54
175,187,37,2024-05-07 11:54:35
130,187,99,2024-05-07 11:57:43
362,187,71,2024-05-07 12:01:13
147,152,8,2024-05-07 16:57:59
1063,152,10,2024-05-07 16:58:00
163,152,10,2024-05-08 03:01:45
469,9,70,2024-05-08 08:56:12
143,19,100,2024-05-08 09:31:58
546,187,27,2024-05-09 09:22:46
548,9,54,2024-05-09 11:43:50
638,9,58,2024-05-09 11:45:49
638,152,7,2024-05-09 14:46:27
627,9,46,2024-05-09 19:12:31
43,187,34,2024-05-10 07:23:26
627,152,8,2024-05-11 02:56:20
83,167,23,2024-05-11 07:39:16
175,167,20,2024-05-11 07:39:22
171,167,16,2024-05-11 07:39:31
163,167,8,2024-05-11 07:39:31
1063,167,12,2024-05-11 07:39:34
979,167,14,2024-05-11 07:39:43
147,167,12,2024-05-11 07:40:04
1059,167,8,2024-05-11 07:40:09
627,167,8,2024-05-11 07:40:11
549,167,10,2024-05-11 07:40:26
426,167,8,2024-05-11 07:40:38
359,167,9,2024-05-11 07:40:39
165,152,12,2024-05-11 13:17:16
1057,152,5,2024-05-11 13:17:19
363,152,16,2024-05-11 13:17:37
247,152,9,2024-05-11 13:17:45
213,1,52,2024-05-11 15:25:23
378,1,28,2024-05-11 15:25:24
377,1,43,2024-05-11 15:27:25
378,152,15,2024-05-12 16:13:14
377,152,32,2024-05-13 03:03:55
633,187,48,2024-05-13 17:54:17
414,187,72,2024-05-13 18:06:47
34,187,16,2024-05-13 18:07:02
560,187,17,2024-05-13 18:12:41
49,187,32,2024-05-13 18:12:44
1007,187,19,2024-05-13 18:13:35
426,187,47,2024-05-13 18:28:24
516,187,9,2024-05-13 18:33:17
56,187,21,2024-05-13 18:33:32
151,192,20,2024-05-14 05:10:37
979,192,23,2024-05-14 05:10:40
213,192,15,2024-05-14 05:10:41
1057,192,20,2024-05-14 05:12:11
647,9,73,2024-05-14 10:32:28
658,9,15,2024-05-14 10:32:30
163,148,13,2024-05-15 16:50:00
1060,1,61,2024-05-15 18:11:45
548,1,89,2024-05-15 18:12:03
647,1,53,2024-05-15 18:12:04
31,187,19,2024-05-17 11:11:59
16,187,99,2024-05-17 11:12:01
47,187,16,2024-05-17 11:16:33
160,187,6,2024-05-17 11:16:39
558,187,100,2024-05-17 11:26:54
359,187,99,2024-05-17 17:34:22
165,187,33,2024-05-17 17:45:50
33,187,62,2024-05-17 17:48:09
132,187,26,2024-05-17 17:48:47
213,187,99,2024-05-17 17:49:55
423,187,25,2024-05-17 18:00:39
151,187,27,2024-05-17 18:14:23
137,187,24,2024-05-17 18:21:21
647,152,11,2024-05-18 10:01:26
658,152,6,2024-05-18 10:01:27
47,152,30,2024-05-20 07:36:23
163,159,9,2024-05-20 08:08:39
173,192,15,2024-05-20 11:05:56
363,192,7,2024-05-20 11:05:56
1006,192,10,2024-05-20 11:05:58
247,192,9,2024-05-20 11:06:05
362,192,9,2024-05-20 11:06:05
436,187,33,2024-05-20 17:04:25
17,187,38,2024-05-20 17:04:59
154,187,29,2024-05-20 17:05:11
375,187,28,2024-05-20 17:29:22
164,187,15,2024-05-20 17:50:57
548,187,17,2024-05-20 17:51:17
841,187,25,2024-05-20 17:51:25
837,187,20,2024-05-20 17:51:28
517,187,22,2024-05-20 17:51:30
30,187,27,2024-05-20 17:51:31
767,187,24,2024-05-20 17:51:36
779,187,24,2024-05-20 17:51:36
785,187,33,2024-05-20 17:51:55
782,187,22,2024-05-20 17:51:57
781,187,72,2024-05-20 17:51:58
780,187,28,2024-05-20 17:51:58
770,187,23,2024-05-20 17:52:13
772,187,98,2024-05-20 17:52:15
771,187,100,2024-05-20 17:52:15
627,187,95,2024-05-20 18:01:37
363,9,20,2024-05-20 18:10:57
942,187,18,2024-05-20 18:12:12
163,9,53,2024-05-20 18:12:20
171,9,29,2024-05-20 18:13:53
247,9,72,2024-05-20 18:13:58
173,9,54,2024-05-20 18:15:27
155,187,34,2024-05-20 18:15:27
513,187,18,2024-05-20 18:15:30
85,187,38,2024-05-20 18:15:31
361,187,13,2024-05-20 18:15:33
658,187,28,2024-05-20 18:15:39
437,187,18,2024-05-20 18:15:41
129,187,99,2024-05-20 18:15:50
138,187,30,2024-05-20 18:15:50
52,187,78,2024-05-20 18:18:29
461,187,19,2024-05-20 18:18:31
723,187,27,2024-05-20 18:18:59
434,187,32,2024-05-20 18:19:02
424,187,20,2024-05-20 18:19:03
512,187,32,2024-05-20 18:19:36
83,9,55,2024-05-20 18:19:50
47,9,67,2024-05-20 18:20:20
837,9,26,2024-05-20 18:20:22
1059,9,33,2024-05-20 18:20:24
177,187,29,2024-05-20 18:21:40
979,187,24,2024-05-20 18:22:30
1063,187,36,2024-05-20 18:24:15
1057,187,37,2024-05-20 18:24:16
363,187,36,2024-05-20 18:24:32
163,187,67,2024-05-20 18:24:34
540,187,20,2024-05-20 18:27:50
131,187,15,2024-05-20 18:27:53
135,187,19,2024-05-20 18:27:54
415,187,21,2024-05-20 18:32:08
40,187,18,2024-05-20 18:32:19
148,187,19,2024-05-20 18:32:24
161,187,39,2024-05-20 18:32:49
35,187,31,2024-05-20 18:32:55
58,187,36,2024-05-20 18:33:00
26,187,28,2024-05-20 18:34:55
469,187,18,2024-05-20 18:34:56
590,187,26,2024-05-20 18:35:07
142,187,25,2024-05-20 18:42:49
82,187,22,2024-05-20 18:42:52
727,187,15,2024-05-20 18:42:55
551,187,68,2024-05-20 18:42:58
158,187,20,2024-05-21 12:12:34
782,152,14,2024-05-21 12:54:14
837,152,25,2024-05-21 12:54:15
767,152,9,2024-05-21 12:54:16
779,152,5,2024-05-21 12:54:19
13,9,52,2024-05-21 13:49:48
176,9,54,2024-05-21 14:04:51
169,9,49,2024-05-21 14:05:12
362,9,66,2024-05-21 14:05:36
147,9,53,2024-05-21 14:06:20
767,9,40,2024-05-21 14:06:22
782,9,37,2024-05-21 14:06:29
375,9,59,2024-05-21 14:09:00
36,187,25,2024-05-22 11:15:26
38,187,16,2024-05-22 11:15:39
549,187,18,2024-05-22 11:17:53
377,187,21,2024-05-22 11:33:12
247,187,23,2024-05-22 11:40:16
638,187,15,2024-05-22 11:45:52
722,187,43,2024-05-22 11:57:49
416,187,45,2024-05-22 11:57:49
942,152,7,2024-05-22 13:27:13
781,152,8,2024-05-23 02:00:26
780,152,18,2024-05-23 02:00:29
772,152,7,2024-05-24 01:54:30
156,187,26,2024-05-24 10:53:03
209,187,22,2024-05-24 11:07:01
23,187,24,2024-05-24 11:10:06
27,187,21,2024-05-24 11:18:54
252,187,81,2024-05-24 11:27:10
39,187,57,2024-05-24 11:27:13
50,187,41,2024-05-24 11:27:15
376,187,29,2024-05-24 11:33:46
726,187,48,2024-05-24 11:44:13
209,152,8,2024-05-24 13:56:29
785,152,9,2024-05-24 13:56:30
771,152,12,2024-05-24 13:56:36
375,152,15,2024-05-24 13:56:36
861,152,8,2024-05-24 13:56:40
849,152,10,2024-05-24 13:56:51
848,152,12,2024-05-24 13:57:02
847,152,13,2024-05-24 13:57:04
845,152,7,2024-05-24 13:57:08
844,152,10,2024-05-24 13:57:12
842,152,12,2024-05-24 13:57:20
838,152,9,2024-05-24 13:57:21
834,152,9,2024-05-24 13:57:23
822,152,8,2024-05-24 13:57:25
821,152,10,2024-05-24 13:57:26
781,190,25,2024-05-25 02:11:28
213,190,15,2024-05-25 02:11:29
363,190,21,2024-05-25 02:11:43
163,190,29,2024-05-25 02:12:03
772,190,28,2024-05-25 02:12:09
779,190,26,2024-05-25 02:12:10
849,190,41,2024-05-25 02:12:23
169,190,59,2024-05-25 02:12:39
209,190,58,2024-05-25 02:12:41
175,190,52,2024-05-25 02:13:11
1063,190,30,2024-05-25 02:13:18
100,190,30,2024-05-25 02:13:32
176,190,38,2024-05-25 02:13:51
785,190,7,2024-05-25 02:15:32
1057,190,56,2024-05-25 02:15:36
165,190,27,2024-05-25 02:15:54
837,190,37,2024-05-25 02:15:55
780,190,30,2024-05-25 02:15:58
627,190,45,2024-05-25 02:16:00
770,190,25,2024-05-25 02:16:02
551,5,88,2024-05-25 10:34:57
942,47,22,2024-05-25 19:11:14
834,47,21,2024-05-25 19:14:04
844,47,18,2024-05-25 19:14:05
821,47,17,2024-05-25 19:14:06
848,47,17,2024-05-25 19:14:08
861,47,13,2024-05-25 19:14:09
46,5,17,2024-05-26 06:05:12
44,5,24,2024-05-26 06:05:13
159,234,14,2024-05-28 17:07:20
213,152,8,2024-05-29 07:19:27
56,152,10,2024-05-29 07:19:31
379,9,14,2024-05-29 10:49:36
845,9,38,2024-05-29 10:52:07
842,9,63,2024-05-29 11:07:35
844,9,15,2024-05-29 11:26:47
252,9,27,2024-05-29 11:46:37
167,9,90,2024-05-29 17:41:43
59,9,97,2024-05-29 17:41:48
168,9,84,2024-05-29 17:44:13
386,9,77,2024-05-29 17:44:28
364,9,69,2024-05-29 17:44:29
385,9,79,2024-05-29 17:44:31
390,9,67,2024-05-29 19:29:17
365,9,93,2024-05-29 19:41:16
389,9,71,2024-05-29 19:47:04
46,1,75,2024-05-29 21:16:17
1006,1,35,2024-05-29 21:16:18
419,9,22,2024-05-29 21:59:32
724,187,24,2024-05-29 22:03:18
385,1,53,2024-05-29 22:09:02
379,152,5,2024-05-30 00:29:14
84,152,17,2024-05-30 00:29:26
821,9,44,2024-05-30 17:49:20
848,9,56,2024-05-30 17:51:05
942,9,48,2024-05-30 17:51:46
213,9,60,2024-05-30 17:52:26
834,9,61,2024-05-30 17:54:20
658,18,18,2024-06-01 04:42:38
785,18,87,2024-06-01 04:42:42
363,18,21,2024-06-01 04:42:51
1059,18,18,2024-06-01 04:42:57
177,152,10,2024-06-01 05:47:06
159,240,27,2024-06-01 14:30:45
560,240,28,2024-06-01 14:30:46
416,1,30,2024-06-01 14:38:37
161,240,13,2024-06-01 14:47:26
143,240,12,2024-06-01 14:47:27
29,9,98,2024-06-01 22:16:53
383,9,31,2024-06-01 22:17:44
422,9,99,2024-06-01 22:19:04
151,152,9,2024-06-02 02:51:56
848,187,99,2024-06-02 13:03:15
419,187,67,2024-06-02 13:42:10
845,187,84,2024-06-02 13:43:14
838,187,98,2024-06-02 14:05:06
379,187,99,2024-06-02 14:08:31
861,187,99,2024-06-02 14:08:42
844,187,99,2024-06-02 14:09:42
822,47,17,2024-06-02 19:13:57
847,47,14,2024-06-02 19:14:15
177,47,15,2024-06-02 19:14:16
658,47,14,2024-06-02 19:14:50
979,47,13,2024-06-02 19:14:51
1059,47,85,2024-06-02 19:14:52
779,47,18,2024-06-02 19:14:58
822,243,20,2024-06-03 09:51:16
847,243,15,2024-06-03 09:51:24
167,187,99,2024-06-03 11:23:52
365,187,64,2024-06-03 11:24:10
59,187,100,2024-06-03 11:24:23
29,187,98,2024-06-03 11:24:31
383,187,99,2024-06-03 11:31:33
422,187,99,2024-06-03 11:32:37
773,187,97,2024-06-03 11:32:51
774,187,98,2024-06-03 11:36:38
775,187,99,2024-06-03 11:37:07
776,187,86,2024-06-03 11:40:40
796,187,99,2024-06-03 11:41:35
817,187,99,2024-06-03 11:43:36
816,187,99,2024-06-03 11:44:49
815,187,99,2024-06-03 11:45:56
814,187,98,2024-06-03 11:47:13
813,187,98,2024-06-03 11:47:52
812,187,99,2024-06-03 11:48:28
811,187,98,2024-06-03 11:48:42
798,187,99,2024-06-03 11:50:46
797,187,99,2024-06-03 11:54:26
788,187,99,2024-06-03 11:55:03
790,187,99,2024-06-03 11:57:04
789,187,99,2024-06-03 12:05:38
698,187,99,2024-06-03 12:05:50
697,187,99,2024-06-03 12:06:38
696,187,91,2024-06-03 12:09:32
695,187,77,2024-06-03 12:12:20
694,187,99,2024-06-03 12:15:36
693,187,98,2024-06-03 12:16:14
692,187,98,2024-06-03 12:16:20
691,187,100,2024-06-03 12:16:46
652,187,98,2024-06-03 12:16:52
549,243,25,2024-06-03 13:54:38
177,243,32,2024-06-03 13:54:39
56,243,41,2024-06-03 13:54:44
151,243,83,2024-06-03 13:55:09
84,243,97,2024-06-03 13:55:15
363,243,99,2024-06-03 13:55:20
774,9,30,2024-06-04 08:27:30
773,9,25,2024-06-04 08:27:36
813,9,27,2024-06-04 08:27:37
814,9,26,2024-06-04 08:27:39
796,9,69,2024-06-04 08:33:43
797,9,81,2024-06-04 08:33:44
811,9,18,2024-06-04 08:48:56
692,9,22,2024-06-04 08:49:00
652,9,34,2024-06-04 08:49:17
33,9,63,2024-06-04 15:34:38
36,152,14,2024-06-04 16:11:27
173,5,26,2024-06-06 11:25:36
779,5,9,2024-06-06 11:25:44
1059,5,22,2024-06-06 11:25:56
942,18,74,2024-06-06 16:41:36
163,18,31,2024-06-06 16:41:38
426,18,65,2024-06-06 16:41:43
821,18,63,2024-06-06 16:41:51
724,152,8,2024-06-08 08:52:42
43,152,8,2024-06-08 08:52:43
150,152,11,2024-06-09 02:16:02
161,289,18,2024-06-11 06:54:13
143,289,17,2024-06-11 06:54:14
151,289,24,2024-06-11 06:54:47
33,289,25,2024-06-11 06:54:48
415,289,22,2024-06-11 06:54:49
540,289,21,2024-06-11 06:54:50
86,289,25,2024-06-11 06:54:55
512,289,31,2024-06-11 06:54:57
540,152,14,2024-06-13 02:14:42
150,5,16,2024-06-14 06:53:55
841,152,16,2024-06-15 08:05:02
44,152,7,2024-06-15 08:05:06
811,18,19,2024-06-17 09:23:43
44,18,26,2024-06-17 09:26:54
847,18,86,2024-06-17 09:27:20
822,18,42,2024-06-17 09:27:22
33,345,10,2024-06-17 16:16:07
159,353,18,2024-06-17 16:22:28
560,353,14,2024-06-17 16:22:29
161,353,13,2024-06-17 16:22:31
159,355,14,2024-06-17 16:26:20
560,355,21,2024-06-17 16:26:21
161,355,21,2024-06-17 16:26:25
143,355,25,2024-06-17 16:26:27
151,355,25,2024-06-17 16:26:30
33,355,25,2024-06-17 16:26:31
415,355,27,2024-06-17 16:26:46
33,358,24,2024-06-17 16:27:05
415,358,22,2024-06-17 16:27:09
159,359,11,2024-06-17 16:27:58
161,359,8,2024-06-17 16:27:59
560,359,13,2024-06-17 16:27:59
44,348,21,2024-06-17 16:35:34
173,348,21,2024-06-17 16:35:44
13,348,21,2024-06-17 16:35:46
44,361,18,2024-06-17 16:35:57
13,361,10,2024-06-17 16:36:45
159,368,84,2024-06-17 16:49:28
560,368,35,2024-06-17 16:49:40
161,368,19,2024-06-17 16:49:41
143,368,19,2024-06-17 16:49:42
159,370,16,2024-06-17 16:50:06
560,370,72,2024-06-17 16:50:10
159,372,19,2024-06-17 16:53:43
560,372,20,2024-06-17 16:53:45
161,372,17,2024-06-17 16:53:46
143,372,18,2024-06-17 16:53:48
151,372,14,2024-06-17 16:53:50
44,366,9,2024-06-17 17:16:08
173,366,10,2024-06-17 17:19:34
44,359,13,2024-06-17 18:24:13
13,359,8,2024-06-17 18:24:15
173,359,8,2024-06-17 18:24:16
159,388,20,2024-06-17 19:51:33
560,388,18,2024-06-17 19:51:34
161,388,79,2024-06-17 19:51:38
143,388,16,2024-06-17 19:51:42
151,388,15,2024-06-17 19:51:45
44,345,3,2024-06-17 20:20:42
13,345,2,2024-06-17 20:20:47
143,152,11,2024-06-18 01:55:04
841,351,22,2024-06-18 05:27:06
43,351,17,2024-06-18 05:27:12
44,351,14,2024-06-18 05:27:25
13,351,74,2024-06-18 05:27:29
159,411,26,2024-06-18 06:08:40
560,411,17,2024-06-18 06:08:55
549,346,19,2024-06-18 07:25:13
979,346,19,2024-06-18 07:29:42
56,346,30,2024-06-18 07:29:43
159,418,14,2024-06-18 07:35:12
13,401,16,2024-06-18 07:48:50
549,401,21,2024-06-18 07:48:51
44,389,12,2024-06-18 07:56:41
173,389,18,2024-06-18 07:57:23
13,389,22,2024-06-18 07:57:38
549,389,10,2024-06-18 08:54:06
979,389,8,2024-06-18 08:54:16
43,389,13,2024-06-18 08:54:23
1059,389,13,2024-06-18 08:54:24
150,389,10,2024-06-18 08:54:27
177,389,79,2024-06-18 08:54:45
658,389,68,2024-06-18 08:54:53
1006,389,18,2024-06-18 08:54:56
31,389,11,2024-06-18 08:55:14
56,389,8,2024-06-18 08:55:18
779,389,15,2024-06-18 08:55:32
1063,389,18,2024-06-18 08:55:33
724,389,20,2024-06-18 08:55:38
841,389,12,2024-06-18 08:55:39
540,389,18,2024-06-18 08:55:42
143,389,17,2024-06-18 08:55:44
38,389,8,2024-06-18 08:55:45
767,389,21,2024-06-18 08:56:28
770,389,22,2024-06-18 08:56:40
44,343,16,2024-06-18 08:58:20
13,343,15,2024-06-18 08:58:23
173,343,18,2024-06-18 08:59:32
13,404,20,2024-06-18 09:10:33
173,404,18,2024-06-18 09:10:33
549,404,11,2024-06-18 09:10:39
150,404,19,2024-06-18 09:10:51
979,404,14,2024-06-18 09:10:52
841,404,21,2024-06-18 09:10:53
43,404,16,2024-06-18 09:11:03
1059,404,19,2024-06-18 09:11:04
779,404,19,2024-06-18 09:11:12
56,404,8,2024-06-18 09:11:14
31,404,8,2024-06-18 09:11:15
1006,404,23,2024-06-18 09:11:22
724,404,18,2024-06-18 09:11:24
1063,404,16,2024-06-18 09:11:26
540,404,20,2024-06-18 09:11:27
38,404,15,2024-06-18 09:11:42
143,404,14,2024-06-18 09:11:46
165,404,16,2024-06-18 09:11:47
782,404,18,2024-06-18 09:11:48
46,404,21,2024-06-18 09:11:49
770,404,14,2024-06-18 09:11:51
177,404,16,2024-06-18 09:11:54
780,404,9,2024-06-18 09:11:56
638,404,18,2024-06-18 09:11:56
163,404,18,2024-06-18 09:11:57
36,404,8,2024-06-18 09:12:03
377,404,16,2024-06-18 09:12:03
176,404,14,2024-06-18 09:12:09
137,404,17,2024-06-18 09:12:30
84,404,14,2024-06-18 09:12:37
158,404,16,2024-06-18 09:12:39
173,421,8,2024-06-18 11:04:03
13,421,13,2024-06-18 11:04:05
549,421,11,2024-06-18 11:04:06
979,421,12,2024-06-18 11:04:07
31,421,3,2024-06-18 11:04:12
43,421,11,2024-06-18 11:04:14
150,421,11,2024-06-18 11:04:15
841,421,15,2024-06-18 11:04:15
1059,421,11,2024-06-18 11:04:16
56,421,10,2024-06-18 11:04:17
1006,421,12,2024-06-18 11:04:17
724,421,14,2024-06-18 11:04:18
540,421,5,2024-06-18 11:04:20
1063,421,9,2024-06-18 11:04:21
159,419,23,2024-06-18 11:04:40
560,419,23,2024-06-18 11:04:41
161,419,19,2024-06-18 11:04:42
143,419,46,2024-06-18 11:04:43
151,419,24,2024-06-18 11:04:51
33,419,38,2024-06-18 11:04:56
415,419,25,2024-06-18 11:04:57
40,422,11,2024-06-18 11:06:21
52,422,17,2024-06-18 11:07:03
31,422,20,2024-06-18 11:07:14
154,422,35,2024-06-18 11:07:19
19,422,12,2024-06-18 11:07:24
516,422,30,2024-06-18 11:07:34
150,348,20,2024-06-18 11:51:12
44,429,13,2024-06-18 14:18:06
13,429,16,2024-06-18 14:18:12
173,429,12,2024-06-18 14:18:15
159,430,21,2024-06-18 14:54:14
560,430,19,2024-06-18 14:54:15
44,431,5,2024-06-18 15:13:03
173,431,5,2024-06-18 15:13:13
13,431,6,2024-06-18 15:13:19
549,431,8,2024-06-18 15:13:32
979,431,11,2024-06-18 15:15:10
31,431,8,2024-06-18 15:16:40
43,431,9,2024-06-18 15:16:57
150,431,13,2024-06-18 15:17:12
1063,431,11,2024-06-18 15:17:24
1059,431,11,2024-06-18 15:17:25
56,431,13,2024-06-18 15:17:27
540,431,9,2024-06-18 15:17:29
841,431,8,2024-06-18 15:17:30
724,431,6,2024-06-18 15:17:55
549,352,14,2024-06-18 16:18:07
979,352,14,2024-06-18 16:18:17
31,352,13,2024-06-18 16:18:42
44,360,18,2024-06-18 17:34:01
173,360,11,2024-06-18 17:34:02
43,360,13,2024-06-18 17:34:14
549,360,12,2024-06-18 17:34:32
13,360,15,2024-06-18 17:35:20
979,360,12,2024-06-18 17:35:20
38,421,10,2024-06-18 19:07:37
780,421,9,2024-06-18 19:16:18
770,421,5,2024-06-18 19:16:19
44,385,67,2024-06-19 02:24:55
549,385,7,2024-06-19 02:25:00
549,397,19,2024-06-19 02:54:33
979,397,9,2024-06-19 02:54:43
44,397,12,2024-06-19 02:55:15
43,397,6,2024-06-19 02:55:17
31,397,25,2024-06-19 02:55:18
173,397,6,2024-06-19 02:55:37
13,397,7,2024-06-19 02:55:42
150,397,20,2024-06-19 02:56:45
841,397,12,2024-06-19 02:56:50
13,430,24,2024-06-19 06:09:29
43,430,27,2024-06-19 06:09:49
31,430,22,2024-06-19 06:09:56
841,430,22,2024-06-19 06:09:57
724,430,13,2024-06-19 06:10:07
150,430,14,2024-06-19 06:10:07
540,430,10,2024-06-19 06:10:09
56,430,13,2024-06-19 06:10:13
159,444,24,2024-06-19 06:44:18
560,444,15,2024-06-19 06:44:22
549,430,30,2024-06-19 08:31:10
979,430,27,2024-06-19 08:31:10
979,407,15,2024-06-19 09:25:43
31,407,17,2024-06-19 09:25:45
13,407,16,2024-06-19 09:25:48
43,407,21,2024-06-19 09:26:00
56,407,11,2024-06-19 09:26:04
841,407,16,2024-06-19 09:26:05
540,407,17,2024-06-19 09:26:06
150,407,20,2024-06-19 09:26:07
779,430,19,2024-06-19 09:49:45
782,422,48,2024-06-19 12:08:58
46,422,43,2024-06-19 12:09:04
173,432,23,2024-06-19 13:55:46
979,432,21,2024-06-19 13:56:11
13,432,19,2024-06-19 13:56:19
31,432,19,2024-06-19 13:56:28
549,432,15,2024-06-19 13:56:37
43,432,15,2024-06-19 13:56:39
56,432,17,2024-06-19 13:56:59
540,432,21,2024-06-19 13:57:02
841,432,25,2024-06-19 13:57:09
150,432,18,2024-06-19 13:57:17
44,454,21,2024-06-19 18:50:21
173,454,24,2024-06-19 18:50:26
979,454,11,2024-06-19 18:50:41
31,454,11,2024-06-19 18:50:59
540,400,13,2024-06-20 04:41:30
841,400,14,2024-06-20 04:41:30
159,465,30,2024-06-20 05:56:39
560,465,18,2024-06-20 05:56:40
173,465,21,2024-06-20 07:07:12
979,465,21,2024-06-20 07:07:17
13,465,18,2024-06-20 07:07:22
31,465,17,2024-06-20 07:07:28
549,465,15,2024-06-20 07:07:29
43,465,13,2024-06-20 07:07:30
56,465,21,2024-06-20 07:07:49
540,465,22,2024-06-20 07:07:50
173,468,17,2024-06-20 08:40:31
979,468,16,2024-06-20 08:40:34
13,468,27,2024-06-20 08:40:42
31,468,23,2024-06-20 08:40:44
549,468,29,2024-06-20 08:40:46
43,468,23,2024-06-20 08:41:00
56,468,26,2024-06-20 08:41:06
540,468,23,2024-06-20 08:41:07
841,468,24,2024-06-20 08:41:10
150,468,23,2024-06-20 08:41:18
724,468,20,2024-06-20 08:41:24
1063,468,19,2024-06-20 08:41:27
1059,468,20,2024-06-20 08:41:28
159,475,24,2024-06-20 09:04:48
560,475,21,2024-06-20 09:04:49
159,478,28,2024-06-20 09:10:48
560,478,16,2024-06-20 09:10:49
161,478,21,2024-06-20 09:10:50
161,475,31,2024-06-20 09:15:52
143,475,35,2024-06-20 09:15:53
151,475,31,2024-06-20 09:16:17
33,475,36,2024-06-20 09:16:17
415,475,16,2024-06-20 09:16:17
159,487,26,2024-06-20 09:58:25
560,487,19,2024-06-20 09:58:26
161,487,16,2024-06-20 09:58:27
143,487,22,2024-06-20 09:58:28
151,487,14,2024-06-20 09:58:31
33,487,17,2024-06-20 09:58:32
415,487,19,2024-06-20 09:58:33
540,487,18,2024-06-20 09:58:36
86,487,10,2024-06-20 09:58:38
512,487,21,2024-06-20 09:58:39
40,487,18,2024-06-20 09:58:41
52,487,20,2024-06-20 09:58:42
31,487,17,2024-06-20 09:58:44
154,487,14,2024-06-20 09:58:45
19,487,21,2024-06-20 09:58:47
142,487,20,2024-06-20 09:58:48
516,487,19,2024-06-20 09:58:49
150,487,19,2024-06-20 09:58:51
779,487,17,2024-06-20 09:58:52
165,487,23,2024-06-20 09:58:55
44,486,17,2024-06-20 10:29:25
173,486,17,2024-06-20 10:29:46
13,486,14,2024-06-20 10:29:46
979,486,18,2024-06-20 10:30:00
44,471,18,2024-06-20 13:41:29
173,471,31,2024-06-20 13:41:30
13,471,92,2024-06-20 13:41:38
979,471,68,2024-06-20 13:41:40
549,471,32,2024-06-20 13:41:41
159,503,11,2024-06-20 14:05:55
560,503,12,2024-06-20 14:06:10
161,503,15,2024-06-20 14:06:11
143,503,13,2024-06-20 14:06:24
173,387,16,2024-06-20 14:30:03
549,387,18,2024-06-20 14:30:05
31,387,13,2024-06-20 14:30:07
43,387,21,2024-06-20 14:30:12
979,387,22,2024-06-20 14:30:20
56,387,19,2024-06-20 14:30:20
13,387,23,2024-06-20 14:30:23
150,387,22,2024-06-20 14:30:24
540,387,18,2024-06-20 14:30:28
173,475,19,2024-06-20 14:34:48
549,475,19,2024-06-20 14:34:53
173,478,4,2024-06-20 14:58:05
44,507,12,2024-06-20 15:16:38
173,507,24,2024-06-20 15:16:40
154,508,14,2024-06-20 15:22:39
549,507,20,2024-06-20 15:23:12
31,507,39,2024-06-20 15:23:18
43,507,31,2024-06-20 15:23:24
159,386,2,2024-06-20 15:50:52
159,509,17,2024-06-20 15:55:26
770,431,5,2024-06-20 15:57:04
38,431,9,2024-06-20 15:57:07
780,431,8,2024-06-20 15:57:14
143,431,6,2024-06-20 15:57:19
560,431,6,2024-06-20 15:57:20
159,431,6,2024-06-20 15:57:22
165,431,4,2024-06-20 15:57:23
767,431,5,2024-06-20 15:57:27
377,431,6,2024-06-20 15:57:29
638,431,3,2024-06-20 15:57:30
560,152,9,2024-06-20 16:08:35
159,152,7,2024-06-20 16:08:36
780,389,8,2024-06-20 18:18:51
159,517,17,2024-06-20 18:31:52
86,19,100,2024-06-20 21:15:24
159,523,16,2024-06-21 07:04:30
560,523,25,2024-06-21 07:04:31
44,494,17,2024-06-21 09:14:19
549,494,19,2024-06-21 09:14:53
173,494,81,2024-06-21 09:14:54
56,494,14,2024-06-21 09:15:12
43,494,5,2024-06-21 09:15:44
31,494,8,2024-06-21 09:16:26
979,494,14,2024-06-21 09:16:40
13,494,16,2024-06-21 09:16:42
540,494,14,2024-06-21 09:16:50
780,494,12,2024-06-21 09:17:01
841,494,13,2024-06-21 09:17:02
150,494,17,2024-06-21 09:17:18
38,494,14,2024-06-21 09:17:23
724,494,17,2024-06-21 09:17:28
1063,494,23,2024-06-21 09:17:32
770,494,24,2024-06-21 09:17:51
1059,494,23,2024-06-21 09:17:52
779,494,14,2024-06-21 09:18:04
161,540,20,2024-06-21 11:02:14
979,540,28,2024-06-21 12:19:21
159,547,17,2024-06-21 13:07:59
560,547,70,2024-06-21 13:08:01
767,547,15,2024-06-21 13:09:53
377,547,15,2024-06-21 13:09:53
36,547,88,2024-06-21 13:09:56
177,547,24,2024-06-21 13:09:58
176,547,36,2024-06-21 13:09:59
516,547,11,2024-06-21 13:12:38
361,547,92,2024-06-21 13:12:47
147,547,89,2024-06-21 13:12:50
130,547,24,2024-06-21 13:14:36
363,547,33,2024-06-21 13:14:38
159,548,32,2024-06-21 13:54:52
154,152,15,2024-06-21 14:38:19
143,556,17,2024-06-21 16:43:47
151,556,13,2024-06-21 16:43:48
161,556,16,2024-06-21 16:43:52
33,556,8,2024-06-21 16:44:03
540,556,4,2024-06-21 16:44:05
44,558,21,2024-06-21 17:55:42
19,152,19,2024-06-22 02:16:35
161,152,6,2024-06-22 02:16:43
158,152,8,2024-06-22 02:16:56
161,566,19,2024-06-22 04:18:02
143,566,20,2024-06-22 04:18:16
151,566,18,2024-06-22 04:18:28
33,566,6,2024-06-22 04:18:48
540,566,21,2024-06-22 04:19:11
415,566,18,2024-06-22 04:19:36
86,566,13,2024-06-22 04:19:46
512,566,18,2024-06-22 04:19:48
40,566,10,2024-06-22 04:19:53
52,566,18,2024-06-22 04:19:57
31,566,3,2024-06-22 04:20:12
154,566,13,2024-06-22 04:20:19
19,566,9,2024-06-22 04:20:20
142,566,10,2024-06-22 04:20:27
516,566,27,2024-06-22 04:20:29
150,566,27,2024-06-22 04:20:33
155,566,16,2024-06-22 04:20:38
551,566,8,2024-06-22 04:20:41
516,540,17,2024-06-22 04:38:23
151,540,26,2024-06-22 04:38:34
154,540,13,2024-06-22 04:38:41
31,417,26,2024-06-22 06:36:33
43,417,19,2024-06-22 06:36:45
173,417,22,2024-06-22 06:36:50
549,417,13,2024-06-22 06:37:00
31,535,5,2024-06-22 06:48:03
43,535,18,2024-06-22 06:48:06
549,535,9,2024-06-22 06:48:07
173,535,6,2024-06-22 06:48:09
56,535,8,2024-06-22 06:48:11
540,535,10,2024-06-22 06:48:12
979,535,10,2024-06-22 06:48:15
13,535,4,2024-06-22 06:48:26
841,535,9,2024-06-22 06:48:26
150,535,7,2024-06-22 06:48:28
159,571,9,2024-06-22 09:11:00
560,571,7,2024-06-22 09:11:01
161,571,8,2024-06-22 09:11:02
151,571,11,2024-06-22 09:11:06
540,571,13,2024-06-22 09:11:25
33,571,14,2024-06-22 09:11:31
159,572,20,2024-06-22 09:40:39
560,572,15,2024-06-22 09:40:41
159,573,23,2024-06-22 09:51:19
560,573,29,2024-06-22 09:51:20
44,579,6,2024-06-22 12:56:53
31,579,13,2024-06-22 12:57:07
173,579,21,2024-06-22 12:57:08
549,579,24,2024-06-22 13:04:00
43,579,97,2024-06-22 13:04:15
56,579,12,2024-06-22 13:04:29
540,579,15,2024-06-22 13:04:49
44,583,75,2024-06-22 14:47:24
31,583,74,2024-06-22 14:47:25
44,404,21,2024-06-22 16:16:38
390,583,22,2024-06-22 17:42:06
364,583,21,2024-06-22 17:42:08
389,583,21,2024-06-22 17:42:10
549,559,8,2024-06-22 17:51:35
159,591,11,2024-06-23 01:43:55
551,152,10,2024-06-23 01:50:13
175,152,11,2024-06-23 01:50:15
159,558,27,2024-06-23 03:35:20
780,558,17,2024-06-23 03:35:22
38,558,29,2024-06-23 03:35:33
560,558,33,2024-06-23 03:35:39
549,585,24,2024-06-23 04:47:10
44,585,25,2024-06-23 04:47:12
173,585,22,2024-06-23 04:47:14
540,585,21,2024-06-23 04:47:17
31,585,23,2024-06-23 04:47:19
56,585,23,2024-06-23 04:47:30
13,585,17,2024-06-23 04:47:36
776,18,22,2024-06-23 04:51:07
797,18,25,2024-06-23 04:51:08
696,18,9,2024-06-23 04:51:21
167,18,82,2024-06-23 04:51:27
29,18,13,2024-06-23 04:51:29
163,289,20,2024-06-23 05:48:56
43,401,21,2024-06-23 06:34:42
841,401,26,2024-06-23 06:34:45
159,401,18,2024-06-23 06:34:47
44,556,21,2024-06-23 12:57:35
151,603,10,2024-06-23 14:13:26
540,603,13,2024-06-23 14:13:48
33,603,12,2024-06-23 14:13:49
415,603,9,2024-06-23 14:13:50
86,603,12,2024-06-23 14:13:58
512,603,10,2024-06-23 14:14:10
40,603,18,2024-06-23 14:14:11
549,484,23,2024-06-23 15:29:35
44,484,22,2024-06-23 15:29:36
173,484,16,2024-06-23 15:29:36
540,484,6,2024-06-23 15:29:42
31,484,19,2024-06-23 15:29:42
159,622,12,2024-06-24 05:45:13
560,622,17,2024-06-24 05:45:17
161,622,15,2024-06-24 05:45:19
143,622,12,2024-06-24 05:45:21
151,622,9,2024-06-24 05:45:24
540,622,9,2024-06-24 05:45:25
33,622,11,2024-06-24 05:45:26
415,622,10,2024-06-24 05:55:32
86,622,33,2024-06-24 05:55:34
1006,540,19,2024-06-24 08:09:41
165,540,12,2024-06-24 08:09:45
767,540,10,2024-06-24 08:09:46
19,540,16,2024-06-24 08:09:48
163,540,11,2024-06-24 08:09:50
415,152,9,2024-06-24 11:11:00
33,152,13,2024-06-24 11:11:03
159,626,16,2024-06-24 12:12:56
560,626,3,2024-06-24 12:13:07
159,629,20,2024-06-24 18:39:24
560,629,19,2024-06-24 18:39:24
159,639,11,2024-06-25 05:26:24
560,639,12,2024-06-25 05:27:31
143,494,14,2024-06-25 08:40:23
151,494,11,2024-06-25 08:40:37
165,494,14,2024-06-25 08:40:41
767,494,10,2024-06-25 08:40:46
638,494,20,2024-06-25 08:40:59
516,494,23,2024-06-25 08:41:01
377,494,18,2024-06-25 08:41:09
161,494,17,2024-06-25 08:41:24
163,494,18,2024-06-25 08:41:25
19,494,19,2024-06-25 08:41:28
159,647,68,2024-06-25 09:57:05
560,647,80,2024-06-25 09:57:36
13,603,13,2024-06-25 12:15:08
173,446,16,2024-06-25 15:12:29
44,446,12,2024-06-25 15:12:33
549,446,12,2024-06-25 15:13:20
540,446,13,2024-06-25 15:13:21
56,446,14,2024-06-25 15:13:23
31,446,14,2024-06-25 15:13:27
13,446,13,2024-06-25 15:13:29
40,152,10,2024-06-26 07:52:59
155,152,12,2024-06-26 07:53:02
15,152,15,2024-06-26 07:53:06
159,660,36,2024-06-26 10:58:52
560,660,15,2024-06-26 10:58:53
159,678,26,2024-06-27 06:07:18
560,678,9,2024-06-27 06:12:24
161,678,16,2024-06-27 06:12:26
143,678,19,2024-06-27 06:12:29
151,678,7,2024-06-27 06:12:31
159,679,20,2024-06-27 07:18:56
560,679,22,2024-06-27 07:18:58
161,679,22,2024-06-27 07:19:05
151,679,18,2024-06-27 07:19:08
143,679,13,2024-06-27 07:19:08
540,679,17,2024-06-27 07:19:10
33,679,21,2024-06-27 07:19:43
86,679,16,2024-06-27 07:19:46
512,679,14,2024-06-27 07:19:49
52,679,13,2024-06-27 07:19:58
19,679,13,2024-06-27 07:20:03
415,679,18,2024-06-27 07:20:03
142,679,16,2024-06-27 07:20:09
155,679,17,2024-06-27 07:20:10
516,679,19,2024-06-27 07:20:11
415,494,12,2024-06-27 07:21:55
52,152,11,2024-06-27 10:12:35
972,9,90,2024-06-27 12:36:15
984,9,20,2024-06-27 12:40:13
983,9,24,2024-06-27 12:40:20
159,686,5,2024-06-27 14:29:18
159,685,29,2024-06-27 14:29:40
560,685,22,2024-06-27 14:29:42
161,685,23,2024-06-27 14:29:43
143,685,21,2024-06-27 14:33:28
151,685,21,2024-06-27 14:33:29
173,678,21,2024-06-28 02:01:43
44,678,30,2024-06-28 02:01:47
549,678,15,2024-06-28 02:01:50
56,678,24,2024-06-28 02:01:56
31,678,28,2024-06-28 02:02:11
979,678,21,2024-06-28 02:02:13
13,678,25,2024-06-28 02:02:13
984,152,9,2024-06-28 02:37:57
983,152,11,2024-06-28 02:38:05
43,47,15,2024-06-28 05:23:39
44,47,15,2024-06-28 18:01:06
780,47,17,2024-06-28 18:03:08
984,47,15,2024-06-28 18:03:16
724,47,83,2024-06-28 18:05:10
165,47,15,2024-06-28 18:06:02
767,47,14,2024-06-28 18:06:05
461,152,9,2024-06-29 10:41:10
984,678,4,2024-06-30 14:11:26
1063,678,17,2024-06-30 14:11:44
38,678,9,2024-06-30 14:11:52
767,678,7,2024-06-30 14:12:03
165,678,4,2024-06-30 14:12:05
779,678,4,2024-06-30 14:12:14
770,678,6,2024-06-30 14:12:28
1006,678,10,2024-06-30 14:12:31
983,678,17,2024-06-30 14:12:34
638,678,13,2024-06-30 14:12:36
724,678,19,2024-06-30 14:12:41
377,678,13,2024-06-30 14:12:43
516,678,18,2024-06-30 14:13:51
19,678,9,2024-06-30 14:13:52
1059,678,11,2024-06-30 14:13:54
163,678,12,2024-06-30 14:13:56
415,678,17,2024-06-30 14:13:58
175,678,11,2024-06-30 14:14:03
177,678,13,2024-06-30 14:14:11
551,678,12,2024-06-30 14:14:11
137,678,14,2024-06-30 14:14:18
513,152,8,2024-07-01 02:19:02
983,494,18,2024-07-01 16:39:52
137,494,16,2024-07-01 16:39:58
60,152,5,2024-07-02 06:51:40
540,678,16,2024-07-02 07:23:45
150,678,16,2024-07-02 07:24:55
43,678,20,2024-07-02 07:24:56
841,678,11,2024-07-02 07:24:58
1063,9,75,2024-07-02 17:24:43
780,678,13,2024-07-03 07:23:52
159,732,25,2024-07-03 20:04:23
549,732,16,2024-07-03 20:14:07
44,732,22,2024-07-03 20:14:08
173,732,20,2024-07-03 20:14:09
540,732,77,2024-07-03 20:15:00
31,732,80,2024-07-03 20:15:49
797,732,4,2024-07-03 20:24:32
540,5,21,2024-07-04 06:24:51
822,9,26,2024-07-04 11:56:53
159,736,78,2024-07-04 12:48:01
13,737,43,2024-07-04 14:26:29
722,152,10,2024-07-05 14:05:24
558,152,8,2024-07-06 04:52:40
436,152,14,2024-07-08 01:13:29
16,152,7,2024-07-09 01:31:59
377,9,61,2024-07-09 15:24:34
813,1,50,2024-07-10 10:32:12
33,19,9,2024-07-12 11:19:26
14,152,14,2024-07-12 12:09:17
549,398,17,2024-07-12 15:58:01
159,398,21,2024-07-12 15:58:04
44,398,27,2024-07-12 15:58:20
173,398,7,2024-07-12 15:58:47
540,398,23,2024-07-12 15:58:50
31,398,16,2024-07-12 15:59:38
56,398,16,2024-07-12 16:00:06
13,398,12,2024-07-12 16:00:08
841,398,13,2024-07-12 16:00:12
150,398,20,2024-07-12 16:00:28
979,398,25,2024-07-12 16:00:29
43,398,19,2024-07-12 16:00:35
560,398,25,2024-07-12 16:00:45
780,398,19,2024-07-12 16:00:52
652,1,99,2024-07-12 16:44:57
165,5,19,2024-07-16 06:27:55
770,5,23,2024-07-16 06:27:56
984,18,19,2024-07-16 20:37:48
780,18,12,2024-07-16 20:38:03
779,18,76,2024-07-16 20:38:21
770,18,22,2024-07-16 20:38:46
983,18,33,2024-07-16 20:39:07
638,18,77,2024-07-16 20:40:11
551,18,25,2024-07-16 20:40:49
175,18,57,2024-07-16 20:41:16
377,18,31,2024-07-16 20:41:20
727,152,21,2024-07-17 09:08:56
469,152,10,2024-07-17 09:09:08
38,5,21,2024-07-19 00:06:49
767,5,13,2024-07-19 00:06:57
414,1,99,2024-07-20 21:27:04
168,1,69,2024-07-21 11:18:21
796,1,29,2024-07-21 14:36:06
549,420,19,2024-07-21 14:53:28
159,420,19,2024-07-21 14:53:37
173,420,16,2024-07-21 14:53:37
44,420,15,2024-07-21 14:53:39
972,1,48,2024-07-21 15:57:52
695,1,47,2024-07-22 16:20:58
693,1,23,2024-07-22 16:26:53
175,5,78,2024-07-23 08:32:22
158,5,95,2024-07-23 08:32:38
789,1,67,2024-07-23 12:11:41
790,1,69,2024-07-23 12:13:05
798,1,55,2024-07-23 12:13:07
812,1,51,2024-07-23 12:13:10
815,1,38,2024-07-23 12:13:12
816,1,62,2024-07-23 12:13:24
817,1,100,2024-07-23 12:13:27
691,1,14,2024-07-23 12:13:31
769,1,42,2024-07-23 12:13:32
868,1,66,2024-07-23 12:13:36
867,1,50,2024-07-23 12:13:37
865,1,79,2024-07-23 12:13:42
864,1,39,2024-07-23 12:13:44
863,1,21,2024-07-23 12:13:47
862,1,33,2024-07-23 12:13:49
820,1,57,2024-07-23 12:13:50
793,1,68,2024-07-23 12:13:51
786,1,39,2024-07-23 12:13:55
791,1,42,2024-07-23 12:14:02
792,1,22,2024-07-23 12:14:02
383,1,64,2024-07-23 12:14:21
560,831,91,2024-07-23 15:28:14
796,831,32,2024-07-23 16:17:41
161,831,42,2024-07-23 16:18:10
159,832,73,2024-07-23 16:27:26
696,1,21,2024-07-23 18:10:58
692,1,35,2024-07-23 18:11:21
786,152,8,2024-07-23 23:50:29
17,831,11,2024-07-24 11:18:51
86,831,20,2024-07-24 11:19:37
213,831,20,2024-07-24 11:19:58
1060,831,19,2024-07-24 11:20:15
723,831,24,2024-07-24 11:21:29
375,831,38,2024-07-24 11:21:45
34,831,23,2024-07-24 11:22:29
359,831,13,2024-07-24 11:22:30
821,831,12,2024-07-24 11:22:31
785,831,20,2024-07-24 11:22:36
781,831,36,2024-07-24 11:22:44
844,831,22,2024-07-24 11:22:45
171,831,16,2024-07-24 11:22:47
14,831,21,2024-07-24 11:22:49
156,831,15,2024-07-24 11:22:53
727,831,10,2024-07-24 11:22:56
142,831,16,2024-07-24 11:23:00
47,831,11,2024-07-24 11:23:02
379,831,15,2024-07-24 11:23:07
138,831,9,2024-07-24 11:23:10
378,831,7,2024-07-24 11:23:12
27,831,11,2024-07-24 11:23:13
861,831,15,2024-07-24 11:23:16
627,831,13,2024-07-24 11:23:18
23,831,11,2024-07-24 11:23:19
147,831,19,2024-07-24 11:23:25
26,831,16,2024-07-24 11:23:26
845,831,17,2024-07-24 11:23:33
423,831,13,2024-07-24 11:23:35
50,831,13,2024-07-24 11:23:36
419,831,23,2024-07-24 11:23:50
434,831,26,2024-07-24 11:23:51
390,831,16,2024-07-24 11:23:54
551,831,24,2024-07-24 11:23:59
16,831,23,2024-07-24 11:23:59
837,831,14,2024-07-24 11:24:03
52,831,19,2024-07-24 11:24:10
100,831,18,2024-07-24 11:24:11
175,831,13,2024-07-24 11:24:13
33,831,9,2024-07-24 11:24:15
15,831,22,2024-07-24 11:24:34
1057,831,20,2024-07-24 11:24:37
209,831,10,2024-07-24 11:24:38
130,831,21,2024-07-24 11:24:43
85,831,14,2024-07-24 11:24:51
1057,1,76,2024-07-25 19:09:16
983,1,37,2024-07-26 10:33:06
638,1,74,2024-07-26 10:33:10
724,1,81,2024-07-26 10:33:13
796,851,14,2024-07-26 12:32:22
560,851,14,2024-07-26 12:32:23
159,851,24,2024-07-26 12:32:24
792,152,11,2024-07-26 14:10:57
390,152,9,2024-07-26 14:10:58
419,152,11,2024-07-26 14:11:23
151,19,15,2024-07-26 17:56:34
540,19,9,2024-07-26 17:56:36
549,18,13,2024-07-26 22:39:54
841,18,24,2024-07-26 22:43:48
150,18,87,2024-07-27 02:07:40
811,152,5,2024-07-27 04:03:08
364,152,15,2024-07-27 04:03:27
793,18,47,2024-07-28 00:09:51
29,5,6,2024-07-28 01:19:10
775,5,17,2024-07-28 01:19:15
788,5,7,2024-07-28 01:19:22
16,5,17,2024-07-28 01:19:27
389,152,9,2024-07-28 01:27:16
769,152,16,2024-07-29 01:30:01
796,152,15,2024-07-29 01:30:12
164,152,14,2024-07-29 01:30:18
19,5,23,2024-07-29 09:19:39
770,196,12,2024-07-29 12:49:52
161,196,9,2024-07-29 12:49:53
1006,196,19,2024-07-29 12:50:11
792,196,24,2024-07-29 12:50:14
516,196,14,2024-07-29 12:50:16
19,196,17,2024-07-29 12:50:18
1059,196,20,2024-07-29 12:50:21
983,196,16,2024-07-29 12:50:23
415,196,20,2024-07-29 12:50:24
1063,196,18,2024-07-29 12:50:35
377,196,26,2024-07-29 12:50:38
154,196,19,2024-07-29 12:50:38
724,196,23,2024-07-29 12:50:40
33,196,18,2024-07-29 12:50:41
177,196,20,2024-07-29 12:51:04
837,196,19,2024-07-29 12:51:05
786,196,18,2024-07-29 12:51:08
209,196,12,2024-07-29 12:51:09
16,196,13,2024-07-29 12:51:10
551,196,24,2024-07-29 12:51:12
362,196,16,2024-07-29 12:51:15
546,152,7,2024-07-29 16:00:35
173,831,44,2024-07-29 16:22:45
44,831,12,2024-07-29 16:23:49
159,831,27,2024-07-29 16:23:50
560,865,17,2024-07-29 16:32:29
796,865,18,2024-07-29 16:32:29
161,865,17,2024-07-29 16:32:30
143,865,22,2024-07-29 16:32:31
151,865,21,2024-07-29 16:32:31
540,865,14,2024-07-29 16:32:32
33,865,19,2024-07-29 16:32:33
209,5,97,2024-07-29 18:56:25
816,19,100,2024-07-29 19:05:14
173,857,15,2024-07-30 06:39:47
35,152,15,2024-07-30 09:08:57
13,196,21,2024-07-30 11:47:41
1006,851,29,2024-07-31 06:01:57
154,851,21,2024-07-31 06:02:07
161,851,20,2024-07-31 06:02:08
39,152,10,2024-07-31 15:23:38
692,152,11,2024-07-31 15:23:49
633,152,8,2024-07-31 15:23:49
164,18,31,2024-08-01 00:58:20
692,18,24,2024-08-01 00:58:24
434,18,19,2024-08-01 00:58:26
772,18,14,2024-08-01 00:58:32
148,18,31,2024-08-01 00:58:59
771,18,27,2024-08-01 00:59:07
30,18,33,2024-08-01 00:59:11
647,18,29,2024-08-01 00:59:14
848,18,22,2024-08-01 00:59:16
252,18,31,2024-08-01 00:59:25
166,5,18,2024-08-01 05:22:28
159,878,80,2024-08-01 09:07:18
173,434,23,2024-08-01 10:54:49
549,434,28,2024-08-01 10:54:50
540,434,14,2024-08-01 10:54:51
31,434,26,2024-08-01 10:55:15
159,434,26,2024-08-01 11:00:42
13,434,18,2024-08-01 11:00:43
56,434,18,2024-08-01 11:00:46
979,434,18,2024-08-01 11:00:48
560,434,21,2024-08-01 11:00:50
841,434,18,2024-08-01 11:00:52
43,434,14,2024-08-01 11:00:54
984,434,18,2024-08-01 11:00:55
779,434,14,2024-08-01 11:00:57
150,434,14,2024-08-01 11:00:59
165,434,15,2024-08-01 11:01:01
770,434,14,2024-08-01 11:01:13
166,152,10,2024-08-02 15:43:43
548,152,16,2024-08-02 15:43:45
82,152,14,2024-08-03 17:10:10
788,152,14,2024-08-03 17:10:12
590,152,14,2024-08-03 17:10:14
837,5,16,2024-08-03 18:46:34
362,5,16,2024-08-03 18:46:55
176,5,94,2024-08-03 18:46:57
137,5,17,2024-08-03 18:48:05
85,5,20,2024-08-03 18:48:52
100,5,50,2024-08-03 18:48:56
979,851,9,2024-08-04 03:53:06
159,899,20,2024-08-04 04:12:45
560,899,18,2024-08-04 04:12:46
796,899,16,2024-08-04 04:12:51
159,115,80,2024-08-04 17:18:44
776,152,17,2024-08-05 16:55:28
797,152,14,2024-08-05 16:55:30
793,152,10,2024-08-05 16:55:42
771,1,41,2024-08-06 11:10:56
848,1,24,2024-08-06 11:10:58
788,1,29,2024-08-06 11:10:59
59,1,36,2024-08-07 08:46:15
775,152,7,2024-08-07 10:18:16
864,152,9,2024-08-07 10:18:19
773,152,12,2024-08-07 10:18:20
814,152,8,2024-08-07 10:18:22
365,1,100,2024-08-07 13:50:28
386,1,87,2024-08-08 09:11:40
812,5,17,2024-08-08 10:52:53
865,5,18,2024-08-08 10:52:55
817,5,19,2024-08-08 10:52:59
386,5,22,2024-08-08 10:53:00
422,1,68,2024-08-08 14:30:45
791,152,20,2024-08-08 14:59:31
782,5,32,2024-08-09 12:17:58
838,1,49,2024-08-09 16:43:16
812,152,6,2024-08-10 07:14:54
695,152,8,2024-08-10 07:14:59
817,152,7,2024-08-10 07:15:06
820,18,16,2024-08-10 17:35:00
152,18,50,2024-08-10 17:35:26
813,18,14,2024-08-10 17:35:26
386,18,17,2024-08-10 17:35:30
774,18,35,2024-08-10 17:35:49
383,18,27,2024-08-10 17:36:03
168,18,23,2024-08-10 17:36:04
868,18,27,2024-08-10 17:36:05
385,18,32,2024-08-10 17:36:06
165,18,49,2024-08-10 20:10:34
767,18,15,2024-08-10 20:10:58
788,18,48,2024-08-10 21:18:56
812,18,41,2024-08-10 21:18:58
376,18,29,2024-08-10 21:18:59
695,18,32,2024-08-10 21:19:01
85,18,27,2024-08-10 21:44:58
849,18,14,2024-08-10 21:45:14
32,18,37,2024-08-11 20:20:21
865,18,26,2024-08-11 20:20:22
817,18,28,2024-08-11 20:20:23
361,18,28,2024-08-11 20:20:25
129,18,28,2024-08-11 20:20:26
815,18,28,2024-08-12 03:07:05
693,18,28,2024-08-12 03:07:06
816,18,26,2024-08-12 03:07:11
789,18,17,2024-08-12 03:43:28
59,18,26,2024-08-12 03:43:40
798,18,15,2024-08-12 03:43:43
365,18,15,2024-08-12 03:44:05
379,18,28,2024-08-12 03:49:58
209,18,20,2024-08-12 03:50:00
176,18,24,2024-08-12 03:50:06
422,18,26,2024-08-12 07:13:16
691,18,20,2024-08-12 07:13:17
790,18,19,2024-08-12 07:13:19
154,678,37,2024-08-12 08:46:25
166,678,17,2024-08-12 08:46:33
792,678,9,2024-08-12 08:46:57
147,1,21,2024-08-12 09:55:46
792,18,56,2024-08-13 05:37:11
378,5,15,2024-08-13 10:38:56
868,152,18,2024-08-13 15:23:50
774,152,25,2024-08-13 15:23:51
1101,1,26,2024-08-13 16:11:34
1119,1,21,2024-08-13 16:11:59
1100,1,58,2024-08-13 16:14:09
1102,1,53,2024-08-13 16:47:39
1105,1,30,2024-08-13 16:47:40
1106,1,28,2024-08-13 16:47:42
1107,1,16,2024-08-13 16:47:43
1108,1,17,2024-08-13 16:47:44
1109,1,56,2024-08-13 16:47:48
1110,1,100,2024-08-13 16:47:49
512,5,27,2024-08-13 17:40:07
782,18,71,2024-08-14 06:33:50
247,18,70,2024-08-14 06:34:00
1107,152,8,2024-08-15 07:12:08
1108,152,7,2024-08-15 07:12:10
1101,152,7,2024-08-15 07:12:11
1108,434,19,2024-08-15 07:18:19
767,434,21,2024-08-15 07:18:24
1107,434,20,2024-08-15 07:18:37
154,434,23,2024-08-15 07:18:52
166,434,18,2024-08-15 07:18:56
161,434,21,2024-08-15 07:18:58
38,434,24,2024-08-15 07:19:12
151,434,23,2024-08-15 07:19:25
19,434,21,2024-08-15 07:19:44
1101,434,18,2024-08-15 07:19:45
780,434,19,2024-08-15 07:19:46
792,434,11,2024-08-15 07:19:48
1059,434,16,2024-08-15 07:19:51
1006,434,15,2024-08-15 07:19:55
155,434,23,2024-08-15 07:19:56
516,434,16,2024-08-15 07:19:57
163,434,23,2024-08-15 07:19:58
1063,434,21,2024-08-15 07:19:59
377,434,21,2024-08-15 07:20:00
85,434,21,2024-08-15 07:20:02
33,434,20,2024-08-15 07:20:03
786,434,22,2024-08-15 07:20:04
724,434,13,2024-08-15 07:20:06
837,434,23,2024-08-15 07:20:52
16,434,22,2024-08-15 07:20:55
362,434,24,2024-08-15 07:20:55
177,434,17,2024-08-15 07:21:01
40,434,16,2024-08-15 07:21:13
551,434,18,2024-08-15 07:43:40
864,434,15,2024-08-15 07:43:41
137,434,21,2024-08-15 07:43:43
849,434,20,2024-08-15 07:43:48
658,434,26,2024-08-15 07:43:49
52,434,25,2024-08-15 07:43:50
159,939,72,2024-08-15 10:36:39
549,908,26,2024-08-16 11:16:12
31,908,20,2024-08-16 11:16:14
1060,5,42,2024-08-16 12:46:54
1105,152,6,2024-08-16 13:23:58
1102,152,10,2024-08-16 13:24:00
815,152,10,2024-08-16 13:24:01
159,908,25,2024-08-16 20:50:07
779,908,31,2024-08-16 20:50:09
767,908,97,2024-08-16 20:50:24
150,908,100,2024-08-16 20:50:26
165,908,100,2024-08-16 20:51:28
770,908,20,2024-08-16 20:51:30
984,908,23,2024-08-16 20:51:31
161,908,19,2024-08-16 20:51:35
154,908,16,2024-08-16 20:51:38
151,908,14,2024-08-16 20:51:39
143,908,16,2024-08-16 20:51:40
166,908,19,2024-08-16 20:51:42
841,908,28,2024-08-17 23:57:03
43,908,27,2024-08-17 23:57:04
1107,908,12,2024-08-17 23:57:09
773,1,99,2024-08-18 13:03:26
814,1,61,2024-08-18 13:04:30
29,1,28,2024-08-18 13:06:12
167,1,100,2024-08-18 13:06:13
694,1,100,2024-08-18 13:09:14
697,1,55,2024-08-18 13:09:45
698,1,100,2024-08-18 13:12:20
818,1,32,2024-08-18 13:12:21
866,1,58,2024-08-18 13:12:25
892,1,50,2024-08-18 13:12:42
916,1,40,2024-08-18 13:12:54
915,1,49,2024-08-18 13:12:56
914,1,88,2024-08-18 13:12:58
898,1,100,2024-08-18 13:12:59
897,1,59,2024-08-18 13:13:00
896,1,6,2024-08-18 13:13:08
52,1,68,2024-08-18 13:15:56
83,1,67,2024-08-18 13:16:03
390,1,38,2024-08-18 13:16:13
156,1,43,2024-08-18 13:16:39
424,1,28,2024-08-18 13:16:39
727,1,41,2024-08-18 13:16:42
133,1,35,2024-08-18 13:19:48
822,1,99,2024-08-18 13:20:43
389,1,13,2024-08-18 13:20:59
861,1,90,2024-08-18 13:21:05
811,1,89,2024-08-18 13:21:14
100,1,99,2024-08-18 13:21:17
11,1,56,2024-08-18 13:21:43
641,1,73,2024-08-18 13:21:45
654,1,100,2024-08-18 13:21:47
651,1,27,2024-08-18 13:21:50
650,1,40,2024-08-18 13:21:54
1151,946,27,2024-08-18 13:33:48
159,946,10,2024-08-18 13:33:49
1139,946,41,2024-08-18 13:34:37
560,946,13,2024-08-18 13:34:49
1147,946,17,2024-08-18 13:34:57
796,946,23,2024-08-18 13:35:00
161,946,20,2024-08-18 13:35:07
143,946,17,2024-08-18 13:41:40
151,946,16,2024-08-18 14:14:52
540,946,10,2024-08-18 14:14:56
33,946,17,2024-08-18 14:15:01
415,946,17,2024-08-18 14:15:02
1139,152,10,2024-08-18 15:56:20
1147,152,10,2024-08-18 15:56:21
818,152,8,2024-08-19 11:47:31
844,1,77,2024-08-19 21:33:56
169,1,39,2024-08-19 21:33:58
650,152,8,2024-08-20 10:23:16
916,152,8,2024-08-20 10:23:17
691,152,7,2024-08-20 10:23:19
13,908,24,2024-08-20 12:51:19
540,908,24,2024-08-20 12:51:29
979,908,21,2024-08-20 12:51:36
56,908,23,2024-08-20 12:51:38
1139,908,24,2024-08-20 12:51:40
1147,908,18,2024-08-20 12:51:43
38,908,52,2024-08-20 12:51:51
378,908,29,2024-08-20 12:52:07
19,908,20,2024-08-20 12:52:08
792,908,17,2024-08-20 12:52:14
1105,908,70,2024-08-20 12:57:35
780,908,21,2024-08-20 12:57:36
516,908,19,2024-08-20 12:58:09
163,908,23,2024-08-20 12:58:26
983,908,23,2024-08-20 12:58:28
33,908,19,2024-08-20 12:58:35
155,908,17,2024-08-20 12:58:36
1140,1,100,2024-08-20 12:59:12
1153,1,64,2024-08-20 12:59:15
633,5,17,2024-08-21 11:26:58
781,5,21,2024-08-21 11:26:59
13,946,12,2024-08-21 17:50:06
979,946,10,2024-08-21 17:50:07
841,946,14,2024-08-21 17:50:46
56,946,18,2024-08-21 17:51:16
1107,946,20,2024-08-21 17:51:19
150,946,78,2024-08-21 17:51:21
43,946,19,2024-08-21 17:51:56
779,946,66,2024-08-21 17:57:23
792,946,9,2024-08-21 17:59:01
770,946,9,2024-08-21 18:00:11
984,946,9,2024-08-21 18:00:14
1108,946,55,2024-08-21 18:00:56
159,953,24,2024-08-22 16:14:04
1139,953,19,2024-08-22 16:14:05
560,953,19,2024-08-22 16:14:07
896,18,41,2024-08-23 05:33:01
1101,5,19,2024-08-23 12:48:41
173,955,21,2024-08-23 13:55:56
549,955,21,2024-08-23 13:55:57
979,955,20,2024-08-23 13:55:57
31,955,18,2024-08-23 13:55:58
44,955,23,2024-08-23 13:56:00
13,955,45,2024-08-23 13:56:42
56,955,19,2024-08-23 13:56:44
540,955,22,2024-08-23 13:56:49
159,955,29,2024-08-23 13:56:51
560,955,17,2024-08-23 13:56:52
841,955,17,2024-08-23 13:56:55
43,955,17,2024-08-23 13:56:58
161,955,15,2024-08-23 13:57:03
770,955,15,2024-08-23 13:57:05
780,955,19,2024-08-23 13:59:58
151,955,14,2024-08-23 14:00:01
984,955,11,2024-08-23 14:00:03
916,5,24,2024-08-23 20:24:10
1153,956,29,2024-08-24 03:25:07
1153,946,25,2024-08-24 13:59:58
861,946,22,2024-08-24 14:00:05
414,946,25,2024-08-24 14:00:19
863,946,24,2024-08-24 14:00:46
811,946,29,2024-08-24 14:01:02
797,946,12,2024-08-24 14:03:05
129,946,17,2024-08-24 14:03:17
58,946,16,2024-08-24 14:03:24
363,5,9,2024-08-26 06:54:31
1145,958,23,2024-08-26 06:59:12
1147,958,15,2024-08-26 07:46:43
792,958,16,2024-08-26 07:46:46
1153,960,9,2024-08-26 10:20:52
419,5,22,2024-08-26 12:16:39
436,5,7,2024-08-26 12:16:43
47,5,13,2024-08-26 12:16:48
131,5,18,2024-08-26 12:17:11
171,5,16,2024-08-26 12:17:19
56,958,24,2024-08-26 13:14:00
31,958,17,2024-08-26 13:14:01
44,958,18,2024-08-26 13:14:06
979,958,20,2024-08-26 13:14:07
13,958,11,2024-08-26 13:14:10
540,958,16,2024-08-26 13:14:11
159,958,10,2024-08-26 13:14:11
841,958,15,2024-08-26 13:15:05
560,958,16,2024-08-26 13:15:54
43,958,14,2024-08-26 13:15:55
150,958,21,2024-08-26 13:16:42
984,958,19,2024-08-26 13:16:45
780,958,12,2024-08-26 13:16:47
770,958,19,2024-08-26 13:16:48
154,958,18,2024-08-26 13:16:49
1107,958,16,2024-08-26 13:16:50
1145,152,9,2024-08-26 14:30:21
173,949,19,2024-08-27 02:38:23
1189,961,13,2024-08-27 03:18:33
56,964,18,2024-08-27 06:39:29
31,964,21,2024-08-27 06:39:56
44,964,22,2024-08-27 06:40:06
979,964,21,2024-08-27 06:40:07
13,964,13,2024-08-27 06:40:13
540,964,14,2024-08-27 06:40:14
560,964,15,2024-08-27 06:40:14
159,964,14,2024-08-27 06:40:17
43,964,13,2024-08-27 06:40:18
841,964,12,2024-08-27 06:40:20
161,964,12,2024-08-27 06:40:22
770,964,15,2024-08-27 06:40:26
984,964,13,2024-08-27 06:40:27
780,964,10,2024-08-27 06:40:30
151,964,12,2024-08-27 06:40:31
1107,964,12,2024-08-27 06:40:32
1189,964,13,2024-08-27 06:40:34
150,964,14,2024-08-27 06:42:10
792,964,17,2024-08-27 06:42:19
516,964,21,2024-08-27 06:42:20
166,964,20,2024-08-27 06:42:20
1145,964,17,2024-08-27 06:42:25
19,964,17,2024-08-27 06:42:26
1101,964,17,2024-08-27 06:42:28
779,964,14,2024-08-27 06:43:44
38,964,19,2024-08-27 06:43:45
143,964,69,2024-08-27 06:43:55
918,19,82,2024-08-27 10:55:48
944,19,79,2024-08-27 10:55:49
898,19,44,2024-08-27 10:55:59
914,19,54,2024-08-27 10:56:01
641,19,61,2024-08-27 10:56:54
698,19,55,2024-08-27 10:56:56
11,19,91,2024-08-27 10:57:04
1193,966,7,2024-08-27 16:31:02
769,5,60,2024-08-27 17:32:06
549,966,28,2024-08-28 07:44:09
56,966,17,2024-08-28 07:44:10
173,970,28,2024-08-30 19:03:51
1217,18,42,2024-08-31 01:39:37
1110,18,31,2024-08-31 01:39:38
1221,18,48,2024-08-31 01:39:39
1208,18,80,2024-08-31 01:39:41
694,18,29,2024-08-31 01:40:24
696,5,84,2024-08-31 03:35:12
1204,908,50,2024-08-31 08:56:40
1216,908,47,2024-08-31 08:56:51
1189,908,48,2024-08-31 09:48:08
1217,908,73,2024-08-31 09:48:13
652,18,19,2024-09-01 01:02:50
1216,152,9,2024-09-02 15:41:28
1221,152,9,2024-09-02 15:41:30
1208,5,11,2024-09-02 17:00:14
979,446,13,2024-09-03 11:41:36
1193,446,14,2024-09-03 11:41:37
1232,5,65,2024-09-04 10:30:51
1226,5,54,2024-09-04 10:30:53
590,5,39,2024-09-04 12:11:11
1102,5,67,2024-09-04 12:12:04
915,152,13,2024-09-04 15:56:18
1204,152,16,2024-09-04 15:56:19
652,152,12,2024-09-04 15:56:20
23,18,18,2024-09-04 16:03:52
358,18,22,2024-09-04 16:03:55
866,5,23,2024-09-05 03:53:01
897,5,29,2024-09-05 03:53:02
1063,970,13,2024-09-05 05:36:47
1063,831,13,2024-09-05 11:12:20
155,831,25,2024-09-05 11:12:40
983,831,25,2024-09-05 11:12:59
163,831,25,2024-09-05 11:13:43
165,831,14,2024-09-05 11:14:02
415,831,63,2024-09-05 11:14:28
34,5,100,2024-09-05 15:42:30
918,1,47,2024-09-06 13:37:01
1235,1,56,2024-09-06 13:37:06
1224,1,98,2024-09-06 13:37:08
1147,18,73,2024-09-07 10:06:36
166,18,15,2024-09-07 10:07:22
1145,18,43,2024-09-07 10:07:27
1101,18,24,2024-09-07 10:07:29
1063,18,41,2024-09-07 10:07:39
33,18,36,2024-09-07 10:08:42
818,18,29,2024-09-07 10:09:58
837,18,53,2024-09-07 10:10:16
786,18,41,2024-09-07 10:10:33
1139,18,22,2024-09-07 10:10:39
1028,18,30,2024-09-07 10:12:02
869,18,26,2024-09-07 10:13:22
890,18,29,2024-09-07 10:13:34
889,18,30,2024-09-07 10:13:35
888,18,35,2024-09-07 10:13:36
887,18,29,2024-09-07 10:13:37
885,18,33,2024-09-07 10:13:39
871,18,25,2024-09-07 10:13:41
870,18,31,2024-09-07 10:14:14
1098,18,47,2024-09-07 10:14:15
1111,18,29,2024-09-07 10:14:16
1104,18,29,2024-09-07 10:14:17
1103,18,31,2024-09-07 10:14:17
1099,18,28,2024-09-07 10:14:18
1096,18,29,2024-09-07 10:14:19
1092,18,28,2024-09-07 10:14:19
891,18,29,2024-09-07 10:14:20
919,18,29,2024-09-07 10:14:21
943,18,30,2024-09-07 10:14:24
941,18,27,2024-09-07 10:14:25
939,18,31,2024-09-07 10:14:26
938,18,27,2024-09-07 10:14:26
923,18,28,2024-09-07 10:14:27
922,18,27,2024-09-07 10:14:32
921,18,26,2024-09-07 10:14:32
920,18,30,2024-09-07 10:14:33
869,152,14,2024-09-09 15:39:27
921,152,14,2024-09-09 15:39:28
1098,152,10,2024-09-09 15:39:34
1214,972,66,2024-09-11 10:32:39
423,1,24,2024-09-11 12:38:51
641,5,36,2024-09-12 08:09:55
892,5,8,2024-09-12 08:10:05
1110,5,15,2024-09-12 08:10:06
1213,5,27,2024-09-12 08:10:19
11,5,20,2024-09-12 08:10:30
1209,5,65,2024-09-12 08:15:10
1238,5,29,2024-09-12 08:15:11
1207,5,63,2024-09-12 08:18:58
789,5,32,2024-09-12 08:20:22
1100,5,62,2024-09-12 13:25:09
1257,9,38,2024-09-12 16:22:11
1253,9,40,2024-09-12 16:22:13
1253,1,37,2024-09-12 16:48:01
1257,1,18,2024-09-12 16:48:02
1252,1,18,2024-09-13 13:16:34
1255,1,26,2024-09-13 13:19:37
27,18,33,2024-09-16 21:58:21
814,18,79,2024-09-16 21:58:27
941,152,13,2024-09-17 07:05:43
938,152,8,2024-09-17 07:05:48
1214,979,29,2024-09-17 09:31:16
941,979,7,2024-09-17 09:32:18
869,979,12,2024-09-17 09:32:18
44,946,14,2024-09-17 13:32:03
1193,946,15,2024-09-17 13:32:06
780,946,14,2024-09-17 13:32:09
166,946,14,2024-09-17 13:32:13
516,946,18,2024-09-17 13:32:15
19,946,16,2024-09-17 13:33:11
796,18,37,2024-09-18 15:49:10
173,709,15,2024-09-19 03:50:55
1214,1,68,2024-09-19 09:51:34
1205,1,54,2024-09-19 09:54:18
1193,1,61,2024-09-19 09:54:25
1215,1,75,2024-09-19 09:54:35
1256,1,20,2024-09-19 13:53:04
871,1,88,2024-09-20 13:18:01
782,1,64,2024-09-20 13:18:02
1230,5,100,2024-09-20 15:21:16
1236,5,23,2024-09-20 15:21:19
1258,5,9,2024-09-20 15:22:09
1225,18,4,2024-09-21 15:25:24
1202,18,67,2024-09-21 15:26:20
1251,18,60,2024-09-21 15:26:38
1218,39,21,2024-09-21 16:39:28
1233,39,58,2024-09-21 16:39:29
1242,18,28,2024-09-22 14:40:51
1244,18,32,2024-09-22 14:40:52
1239,18,17,2024-09-22 14:40:57
1258,1,35,2024-09-23 15:52:14
1219,1,40,2024-09-24 08:41:57
1249,1,35,2024-09-24 11:08:57
1225,998,22,2024-09-24 19:57:56
1248,998,20,2024-09-24 19:57:57
1251,998,39,2024-09-24 19:58:00
1227,5,25,2024-09-24 21:16:31
1210,998,3,2024-09-24 21:28:22
11,998,27,2024-09-24 21:28:25
1231,998,22,2024-09-24 21:28:34
1250,998,36,2024-09-24 21:28:37
1241,998,33,2024-09-24 21:28:38
1212,998,29,2024-09-24 21:28:38
1140,998,29,2024-09-24 21:28:39
1245,998,31,2024-09-24 21:28:39
1237,998,29,2024-09-24 21:28:40
1229,998,25,2024-09-24 21:28:40
1247,998,27,2024-09-24 21:28:41
1240,998,36,2024-09-24 21:28:52
1206,998,25,2024-09-24 21:28:53
1220,998,28,2024-09-24 21:28:54
1228,998,63,2024-09-24 21:28:55
1208,998,37,2024-09-24 21:29:05
1234,998,24,2024-09-24 21:29:06
1211,998,26,2024-09-24 21:29:14
1253,5,7,2024-09-25 05:57:43
1223,5,22,2024-09-25 15:01:41
1246,5,96,2024-09-25 15:02:53
816,5,91,2024-09-26 09:03:24
1246,998,29,2024-09-27 20:57:07
1243,998,35,2024-09-27 20:57:07
944,998,41,2024-09-27 20:57:41
1215,998,33,2024-09-27 21:19:34
816,998,34,2024-09-27 21:19:37
694,998,28,2024-09-27 21:19:44
641,998,27,2024-09-27 21:19:48
972,998,25,2024-09-27 21:19:48
698,998,2,2024-09-27 21:19:51
1257,5,21,2024-09-30 04:39:26
1252,5,20,2024-09-30 04:39:44
1246,1006,13,2024-10-01 13:12:34
59,1006,9,2024-10-01 13:12:42
167,1006,18,2024-10-01 13:12:52
422,1006,17,2024-10-01 13:14:07
1140,1006,20,2024-10-01 13:14:58
798,946,24,2024-10-01 21:39:51
697,946,24,2024-10-01 21:39:53
1232,946,16,2024-10-01 21:40:52
29,946,41,2024-10-01 21:40:53
1262,1,46,2024-10-02 11:22:55
1263,1,21,2024-10-02 14:34:36
1202,953,15,2024-10-02 18:04:47
1209,946,11,2024-10-02 18:05:27
790,946,18,2024-10-02 18:05:34
816,946,17,2024-10-02 18:05:41
1209,953,12,2024-10-02 18:07:12
790,953,70,2024-10-02 18:07:15
918,953,14,2024-10-02 18:07:36
816,953,34,2024-10-02 18:07:38
1228,953,18,2024-10-02 18:07:53
914,953,16,2024-10-02 18:07:57
1207,953,17,2024-10-02 18:07:59
944,953,11,2024-10-02 18:08:00
1100,953,1,2024-10-02 18:08:20
863,953,72,2024-10-02 18:09:11
871,953,96,2024-10-02 18:09:13
696,953,13,2024-10-02 18:10:52
694,953,15,2024-10-02 18:10:53
918,946,16,2024-10-02 20:15:59
1228,946,19,2024-10-02 20:16:00
1207,946,13,2024-10-02 20:16:01
641,946,37,2024-10-03 12:03:08
1233,946,22,2024-10-03 12:03:10
1217,946,24,2024-10-03 12:03:18
898,946,32,2024-10-03 12:03:20
789,946,22,2024-10-03 14:42:43
365,946,28,2024-10-03 14:42:44
1235,946,25,2024-10-03 14:42:45
814,1010,9,2024-10-04 12:15:56
863,1010,23,2024-10-04 12:15:58
914,1010,21,2024-10-04 12:16:01
1262,985,27,2024-10-04 13:54:09
1214,831,17,2024-10-04 17:07:19
1193,831,19,2024-10-04 17:07:27
1214,1013,56,2024-10-04 18:36:39
1193,1013,17,2024-10-04 18:36:42
1205,1013,62,2024-10-04 18:36:50
1215,1013,14,2024-10-04 18:38:33
1247,1013,17,2024-10-04 18:38:40
1245,1013,47,2024-10-04 18:38:46
1225,1013,16,2024-10-04 18:39:24
1248,1013,20,2024-10-04 18:39:25
1251,1013,21,2024-10-04 18:39:28
1289,985,41,2024-10-04 20:36:43
1286,985,25,2024-10-04 20:36:51
1290,5,16,2024-10-05 07:55:56
1205,18,66,2024-10-05 13:35:21
1109,18,28,2024-10-05 14:57:33
11,18,52,2024-10-05 16:41:19
1298,5,3,2024-10-06 02:50:42
1295,1,18,2024-10-07 09:04:46
1292,5,61,2024-10-07 10:15:48
1288,5,31,2024-10-07 10:17:04
1303,5,34,2024-10-07 14:10:03
1294,1,30,2024-10-07 15:23:10
1285,1,17,2024-10-07 15:23:11
1268,1,29,2024-10-07 15:23:13
1302,1,23,2024-10-07 15:23:18
1297,1,29,2024-10-07 15:23:19
1272,1,17,2024-10-07 15:23:21
1265,1,24,2024-10-07 15:23:23
1276,1,29,2024-10-07 15:23:25
1277,1,33,2024-10-07 15:24:13
1293,1,25,2024-10-07 15:32:56
1291,1,31,2024-10-07 15:32:58
1287,1,36,2024-10-07 15:33:00
1264,1,32,2024-10-07 15:33:01
1283,1,43,2024-10-07 15:33:04
1301,1,19,2024-10-07 15:58:22
1281,1,22,2024-10-07 15:58:23
1266,1,19,2024-10-07 15:58:25
1299,1,19,2024-10-07 15:58:26
1304,1,27,2024-10-07 15:58:58
1308,1,18,2024-10-07 15:58:59
1305,1,16,2024-10-07 15:59:00
1309,1,35,2024-10-07 15:59:03
1296,1,24,2024-10-07 15:59:04
1284,1,28,2024-10-07 15:59:05
1300,1,23,2024-10-07 15:59:07
1282,1,27,2024-10-07 15:59:14
1311,1,19,2024-10-07 15:59:23
1310,1,18,2024-10-07 15:59:25
1313,1,22,2024-10-07 15:59:26
1312,1,22,2024-10-07 15:59:28
1307,1,17,2024-10-07 15:59:29
1306,1,27,2024-10-07 15:59:30
1289,1,16,2024-10-07 15:59:54
1286,1,33,2024-10-07 16:00:28
1314,5,18,2024-10-08 03:53:18
1109,153,21,2024-10-10 17:22:24
1205,153,22,2024-10-10 17:22:25
1292,1027,13,2024-10-10 20:36:00
1300,1027,12,2024-10-10 20:36:38
1311,1027,19,2024-10-10 20:36:50
1263,1027,15,2024-10-10 20:37:36
1255,1027,17,2024-10-10 20:37:43
1288,1027,13,2024-10-10 20:37:44
1293,1027,13,2024-10-10 20:37:46
1286,1027,11,2024-10-10 20:37:58
1264,1027,13,2024-10-10 20:38:04
1309,1027,12,2024-10-10 20:38:05
1287,1027,12,2024-10-10 20:38:06
1295,1027,13,2024-10-10 20:38:14
1268,1027,11,2024-10-10 20:38:32
1312,1027,11,2024-10-10 20:38:32
1281,1027,12,2024-10-10 20:38:33
1303,1027,11,2024-10-10 20:38:35
1296,1027,13,2024-10-10 20:38:36
1225,1010,13,2024-10-11 11:47:21
1248,1010,21,2024-10-11 11:47:28
1251,1010,18,2024-10-11 11:47:29
1193,1010,26,2024-10-11 11:47:39
1247,1010,22,2024-10-11 11:48:12
1245,1010,20,2024-10-11 11:48:33
1205,1010,11,2024-10-11 11:49:13
1215,1010,25,2024-10-11 11:49:26
1214,1010,26,2024-10-11 11:50:24
798,1010,28,2024-10-11 11:51:04
790,1010,15,2024-10-11 11:51:04
871,1010,17,2024-10-11 11:51:07
972,1010,22,2024-10-11 13:40:59
641,1010,45,2024-10-11 13:41:06
29,1010,17,2024-10-11 13:41:13
383,1010,22,2024-10-11 13:41:15
816,1010,21,2024-10-11 13:41:22
697,1010,25,2024-10-11 13:53:20
167,1010,16,2024-10-11 13:53:21
698,1010,22,2024-10-12 06:30:53
385,1010,20,2024-10-12 06:30:56
838,1010,16,2024-10-12 06:30:57
1226,953,16,2024-10-14 09:53:56
1109,953,16,2024-10-14 09:54:01
422,953,14,2024-10-14 09:54:03
168,946,18,2024-10-14 14:33:15
1110,946,20,2024-10-14 14:33:17
726,946,19,2024-10-14 14:33:19
386,946,24,2024-10-14 14:33:23
696,946,27,2024-10-14 14:33:26
813,946,29,2024-10-14 14:34:28
59,946,23,2024-10-14 14:34:30
1311,18,22,2024-10-14 14:59:02
1263,18,21,2024-10-14 14:59:03
1292,985,18,2024-10-15 09:14:15
1300,985,48,2024-10-15 09:14:37
1311,985,42,2024-10-15 09:14:48
1263,985,29,2024-10-15 09:15:35
1255,985,54,2024-10-15 09:15:36
1288,985,53,2024-10-15 09:15:58
1292,1038,48,2024-10-15 19:19:12
1300,1038,45,2024-10-15 19:19:17
1311,1038,32,2024-10-15 19:20:17
1263,1038,32,2024-10-15 19:20:18
1255,1038,32,2024-10-15 19:20:23
1288,1038,24,2024-10-15 19:20:24
1293,1038,27,2024-10-15 19:20:25
1286,1038,26,2024-10-15 19:20:34
1264,1038,30,2024-10-15 19:20:35
1309,1038,24,2024-10-15 19:20:45
1287,1038,24,2024-10-15 19:20:53
1300,5,28,2024-10-16 02:55:14
1282,5,19,2024-10-16 07:19:29
1255,5,27,2024-10-16 07:19:30
1295,5,22,2024-10-16 07:19:31
1289,5,26,2024-10-16 07:19:33
1311,5,17,2024-10-16 07:19:34
1256,5,24,2024-10-16 07:19:35
1262,5,12,2024-10-16 07:19:37
1266,5,16,2024-10-16 07:19:39
1306,5,21,2024-10-16 07:19:40
1287,5,28,2024-10-16 07:19:45
1301,5,11,2024-10-16 07:19:45
1312,5,32,2024-10-16 07:19:50
1309,5,20,2024-10-16 07:19:50
1308,5,9,2024-10-16 07:19:52
1302,5,21,2024-10-16 07:19:53
1291,5,17,2024-10-16 07:19:56
1307,5,20,2024-10-16 07:19:58
1284,5,10,2024-10-16 08:11:31
1283,5,22,2024-10-16 08:11:32
1290,1,28,2024-10-16 08:48:33
1288,1,32,2024-10-16 09:16:44
1289,1041,2,2024-10-16 20:13:42
1292,1,42,2024-10-16 20:22:05
365,1010,6,2024-10-18 12:14:36
789,1010,19,2024-10-18 12:14:43
867,1010,22,2024-10-18 12:14:44
11,1010,18,2024-10-18 12:14:49
389,1010,17,2024-10-18 12:14:49
1315,18,36,2024-10-20 12:26:25
1292,1050,67,2024-10-20 16:24:22
1300,1050,37,2024-10-20 16:24:59
1311,1050,18,2024-10-20 16:25:03
1294,5,22,2024-10-21 10:55:50
1313,5,28,2024-10-21 10:57:11
1294,1032,36,2024-10-21 13:45:06
1263,1050,20,2024-10-21 15:48:43
1255,1050,18,2024-10-21 15:48:48
1288,1050,23,2024-10-21 15:48:49
1293,1050,21,2024-10-21 15:49:02
1286,1050,18,2024-10-21 15:49:20
1264,1050,21,2024-10-21 15:49:35
1292,1032,23,2024-10-22 09:30:32
1300,1032,15,2024-10-22 09:30:35
898,18,22,2024-10-22 14:41:27
1276,1032,25,2024-10-23 08:07:06
1264,5,14,2024-10-23 09:56:30
1299,5,10,2024-10-23 13:01:11
1292,1061,15,2024-10-23 20:28:14
1300,1061,37,2024-10-23 20:32:58
1311,1061,28,2024-10-23 20:33:02
1263,1061,9,2024-10-23 20:33:03
1255,1032,22,2024-10-23 20:37:38
693,153,16,2024-10-24 00:16:05
152,153,17,2024-10-24 00:16:06
898,153,14,2024-10-24 00:16:11
694,153,21,2024-10-24 00:16:13
790,153,19,2024-10-24 00:16:14
168,153,18,2024-10-24 00:16:15
816,153,21,2024-10-24 00:16:16
1276,5,34,2024-10-24 06:22:28
1263,5,17,2024-10-24 06:43:26
1292,1063,22,2024-10-25 14:19:26
1294,18,23,2024-10-25 22:54:05
1314,1,40,2024-10-25 23:46:08
693,1010,24,2024-10-27 04:27:25
152,1010,26,2024-10-27 04:27:29
654,1010,30,2024-10-27 04:27:34
1258,1032,25,2024-10-27 12:24:47
1253,1032,23,2024-10-27 12:24:51
1288,1032,33,2024-10-27 12:24:56
1290,1032,28,2024-10-27 12:25:01
1313,1032,26,2024-10-27 12:25:05
1291,1032,37,2024-10-27 12:25:13
1305,1032,29,2024-10-27 12:25:18
1287,1032,27,2024-10-27 12:25:24
1252,1032,29,2024-10-27 12:25:29
1282,1032,18,2024-10-27 12:25:38
1293,1032,28,2024-10-27 12:25:51
1301,1032,30,2024-10-27 13:11:46
1297,1032,34,2024-10-27 13:11:56
1264,1032,24,2024-10-27 13:12:02
1263,1032,12,2024-10-27 13:12:07
1256,1032,15,2024-10-27 13:12:12
1314,1032,37,2024-10-27 13:12:37
1306,1032,40,2024-10-27 19:30:27
654,572,2,2024-10-28 03:45:18
1297,5,19,2024-10-28 07:29:43
1305,5,22,2024-10-28 07:31:13
1286,1032,43,2024-10-28 08:48:10
1303,1,27,2024-10-28 09:05:31
1285,5,20,2024-10-28 09:45:41
641,18,22,2024-10-28 12:58:21
697,18,30,2024-10-28 12:58:41
1292,1069,71,2024-10-28 13:29:26
1306,18,31,2024-10-29 00:23:05
1300,1070,15,2024-10-29 00:52:47
1252,1070,20,2024-10-29 00:53:05
871,1039,29,2024-10-29 08:00:53
1140,1010,18,2024-10-29 08:23:06
694,1010,13,2024-10-29 08:23:07
1230,1010,18,2024-10-29 08:23:09
1304,5,24,2024-10-29 08:23:10
59,1010,25,2024-10-29 08:23:15
813,1010,18,2024-10-29 14:35:15
898,1010,17,2024-10-30 05:42:34
726,1010,11,2024-10-30 05:42:35
132,1010,18,2024-10-30 05:42:38
590,1010,71,2024-10-30 05:42:42
386,1010,10,2024-10-30 05:42:58
897,1010,21,2024-10-30 05:43:00
1320,1076,26,2024-10-30 12:28:23
1328,1076,21,2024-10-30 12:28:24
1336,1076,15,2024-10-30 12:28:26
1323,1076,87,2024-10-30 12:28:28
1330,1076,15,2024-10-30 12:28:31
1334,1076,15,2024-10-30 12:28:55
1329,1076,15,2024-10-30 12:28:56
1326,1076,10,2024-10-30 12:28:58
1322,1076,12,2024-10-30 12:29:39
1332,1076,18,2024-10-30 12:37:39
1327,1076,21,2024-10-30 12:42:22
1335,1076,10,2024-10-30 12:42:26
696,1010,20,2024-10-30 17:20:08
167,5,70,2024-10-31 13:54:38
1217,5,19,2024-10-31 13:54:40
1331,1076,22,2024-10-31 16:49:20
1265,5,29,2024-11-01 16:46:54
1286,5,25,2024-11-01 16:47:32
1246,18,25,2024-11-04 14:15:40
698,18,35,2024-11-04 18:59:16
1102,18,25,2024-11-05 19:46:02
1246,1013,19,2024-11-06 17:35:48
385,1013,20,2024-11-06 17:35:55
790,1013,59,2024-11-06 17:36:04
698,1013,28,2024-11-06 17:36:10
652,1013,23,2024-11-06 17:36:24
811,1013,16,2024-11-06 17:36:27
1251,1091,71,2024-11-09 08:25:46
1283,18,53,2024-11-10 17:28:45
1292,18,36,2024-11-10 17:28:46
773,18,7,2024-11-10 21:08:31
652,1010,18,2024-11-12 11:43:44
1292,1010,18,2024-11-12 16:03:27
1300,1010,23,2024-11-12 16:03:29
1311,1010,16,2024-11-12 16:03:30
1263,1010,15,2024-11-12 16:03:33
1255,1010,19,2024-11-12 16:03:43
1292,272,16,2024-11-12 19:45:57
1276,18,27,2024-11-12 20:34:21
1262,18,22,2024-11-12 20:34:22
1291,18,25,2024-11-12 20:34:27
1283,1010,16,2024-11-13 15:23:21
1314,1010,17,2024-11-13 15:23:23
1306,1010,13,2024-11-13 15:23:26
1265,1010,13,2024-11-13 15:23:32
1276,1010,15,2024-11-13 15:23:52
1291,1010,15,2024-11-13 15:23:53
1262,1010,19,2024-11-13 15:23:55
1286,1010,11,2024-11-13 15:24:10
1294,1010,17,2024-11-13 15:24:21
1297,1010,17,2024-11-13 15:24:24
1303,1010,20,2024-11-13 15:24:31
1290,1010,16,2024-11-13 15:24:32
1313,1010,22,2024-11-13 15:24:34
1304,1010,13,2024-11-13 15:24:37
1309,1010,23,2024-11-13 15:24:42
1253,1010,20,2024-11-13 15:24:45
1293,1010,24,2024-11-13 15:24:55
1287,1010,28,2024-11-13 15:24:56
972,18,26,2024-11-13 20:59:43
1265,18,29,2024-11-14 00:54:01
1292,1096,26,2024-11-15 01:54:05
1300,1096,22,2024-11-15 01:54:06
871,5,17,2024-11-15 16:50:39
1277,5,42,2024-11-15 16:54:52
1311,1096,27,2024-11-15 18:46:49
1288,1096,33,2024-11-15 18:53:14
1262,1096,29,2024-11-15 18:53:15
1313,1096,28,2024-11-15 18:53:16
1276,1101,26,2024-11-15 22:15:11
1306,1101,30,2024-11-15 22:15:12
1283,1103,24,2024-11-16 21:38:24
1306,1103,21,2024-11-16 21:39:41
1276,1103,37,2024-11-16 21:39:42
1305,1103,45,2024-11-16 21:48:53
1289,1103,34,2024-11-16 21:48:54
790,5,28,2024-11-18 07:08:48
1110,1010,23,2024-11-18 07:46:24
1321,1076,18,2024-11-18 11:32:54
385,1105,8,2024-11-18 13:00:40
422,1105,94,2024-11-18 13:00:43
152,1105,20,2024-11-18 13:00:56
816,1105,70,2024-11-18 13:01:03
789,1105,54,2024-11-18 13:01:10
698,1105,13,2024-11-18 13:01:13
944,1105,28,2024-11-18 13:01:17
817,1105,10,2024-11-18 13:01:17
376,1105,13,2024-11-18 13:01:19
773,1105,25,2024-11-18 13:01:21
383,1105,11,2024-11-18 13:01:24
147,1105,21,2024-11-18 13:01:26
548,1105,29,2024-11-18 13:01:27
1193,1109,23,2024-11-19 00:14:41
1205,1109,20,2024-11-19 00:14:52
1215,1109,18,2024-11-19 00:16:33
1247,1109,19,2024-11-19 00:16:34
861,1105,15,2024-11-19 03:27:14
1224,1105,69,2024-11-19 03:27:23
11,1105,13,2024-11-19 03:27:24
168,1105,19,2024-11-19 03:27:29
812,1105,16,2024-11-19 03:27:29
972,1105,16,2024-11-19 03:27:34
863,1105,31,2024-11-19 03:27:36
129,1105,9,2024-11-19 03:27:37
871,1105,10,2024-11-19 03:27:54
59,1105,19,2024-11-19 03:28:00
788,1105,26,2024-11-19 03:28:01
252,1105,29,2024-11-19 03:28:03
100,1105,23,2024-11-19 03:28:04
558,1105,27,2024-11-19 03:28:05
1208,1105,15,2024-11-19 03:28:11
1233,1105,17,2024-11-19 03:28:27
695,1105,19,2024-11-19 03:28:47
694,1105,21,2024-11-19 03:28:50
793,1105,12,2024-11-19 03:28:57
652,1105,13,2024-11-19 03:29:02
647,1105,19,2024-11-19 03:29:05
361,1105,10,2024-11-19 03:29:17
776,1105,13,2024-11-19 03:29:23
30,1105,9,2024-11-19 03:29:25
775,1105,10,2024-11-19 03:29:28
132,1105,21,2024-11-19 03:29:30
1219,1105,15,2024-11-19 03:29:31
34,1105,15,2024-11-19 03:29:33
865,1105,9,2024-11-19 03:29:36
814,1105,12,2024-11-19 03:29:40
726,1105,17,2024-11-19 03:32:03
1235,1105,18,2024-11-19 03:32:06
866,1105,15,2024-11-19 03:32:07
790,1105,12,2024-11-19 03:32:17
29,1105,18,2024-11-19 03:32:17
641,1105,12,2024-11-19 03:32:19
918,1105,5,2024-11-19 03:32:19
1202,1105,4,2024-11-19 03:32:40
838,1105,16,2024-11-19 05:57:45
774,1,60,2024-11-19 09:43:30
1232,1,43,2024-11-19 09:44:09
774,5,12,2024-11-19 09:53:32
414,5,15,2024-11-19 09:53:34
798,5,2,2024-11-19 09:53:39
1217,1,25,2024-11-19 11:38:17
1251,1,59,2024-11-19 11:39:58
1230,1,73,2024-11-20 06:50:27
176,1,100,2024-11-20 06:50:36
583,1105,89,2024-11-20 07:42:28
1230,1105,99,2024-11-20 07:42:34
654,1105,84,2024-11-20 07:42:38
365,1105,14,2024-11-20 07:42:45
1311,1032,17,2024-11-20 10:25:09
167,1105,18,2024-11-20 16:33:09
32,1105,23,2024-11-20 16:33:20
1251,1105,18,2024-11-20 16:34:00
148,1105,10,2024-11-20 16:35:03
1224,18,86,2024-11-20 21:09:58
1230,18,27,2024-11-20 21:14:34
654,18,25,2024-11-20 21:14:36
414,18,36,2024-11-20 21:15:12
914,18,29,2024-11-20 21:19:51
1232,18,24,2024-11-20 22:38:34
1140,18,26,2024-11-20 22:38:35
1100,18,23,2024-11-20 22:38:37
944,18,28,2024-11-20 22:38:50
1214,18,24,2024-11-20 23:00:38
100,18,35,2024-11-20 23:00:43
769,18,30,2024-11-20 23:00:44
164,1105,16,2024-11-20 23:05:19
1300,1112,16,2024-11-20 23:12:07
1311,1112,12,2024-11-20 23:12:07
1263,1112,12,2024-11-20 23:12:20
1255,1112,9,2024-11-20 23:12:42
1288,1112,13,2024-11-20 23:12:42
1293,1112,13,2024-11-20 23:12:51
1286,1112,36,2024-11-20 23:12:53
1264,1112,20,2024-11-20 23:12:55
1309,1112,16,2024-11-20 23:12:59
1287,1112,9,2024-11-20 23:13:01
1312,1112,16,2024-11-20 23:13:18
1292,1113,78,2024-11-21 05:38:20
842,1,30,2024-11-21 13:55:47
1292,1118,32,2024-11-22 05:13:56
1300,1118,35,2024-11-22 05:14:57
1311,1118,25,2024-11-22 05:14:58
1263,1118,25,2024-11-22 05:15:00
1255,1118,23,2024-11-22 05:15:06
1288,1118,17,2024-11-22 05:15:08
1293,1118,17,2024-11-22 05:15:10
1286,1118,23,2024-11-22 05:15:13
1264,1118,18,2024-11-22 05:15:15
1309,1118,18,2024-11-22 05:15:17
414,1105,12,2024-11-22 05:33:56
1292,1122,3,2024-11-23 04:50:45
1300,1122,18,2024-11-23 04:58:19
1288,1122,15,2024-11-23 05:02:52
1293,1122,14,2024-11-23 05:02:54
815,1105,15,2024-11-23 05:04:27
914,1105,17,2024-11-23 05:04:36
39,1105,16,2024-11-23 05:04:50
583,1010,19,2024-11-23 09:40:47
1323,1010,23,2024-11-23 10:09:45
1324,1010,21,2024-11-23 10:09:46
1325,1010,26,2024-11-23 10:09:49
1316,1010,19,2024-11-23 10:09:50
1319,1010,24,2024-11-23 10:09:53
1332,1010,32,2024-11-23 10:09:54
1331,1010,30,2024-11-23 10:10:11
1328,1010,23,2024-11-23 10:10:12
1321,1010,38,2024-11-23 10:10:23
1322,1010,28,2024-11-23 10:10:25
1338,1010,27,2024-11-23 10:10:56
1336,1010,33,2024-11-23 10:15:44
1327,1010,41,2024-11-23 10:15:46
1334,1010,32,2024-11-23 10:16:00
1335,1010,23,2024-11-23 10:16:55
1326,1010,17,2024-11-23 10:18:54
1224,946,16,2024-11-23 12:50:24
583,946,28,2024-11-23 12:50:49
1230,946,18,2024-11-23 12:50:51
422,946,22,2024-11-23 12:50:57
1292,1123,28,2024-11-23 16:55:16
1300,1123,25,2024-11-23 16:55:19
1311,1123,30,2024-11-23 16:55:21
1263,1123,27,2024-11-23 16:57:31
1255,1123,24,2024-11-23 16:57:32
1288,1123,22,2024-11-23 16:57:36
1293,1123,18,2024-11-23 16:57:43
1286,1123,27,2024-11-23 16:57:45
1264,1123,15,2024-11-23 16:57:48
1287,1123,16,2024-11-23 16:57:53
1312,1123,12,2024-11-23 16:57:57
1281,1123,13,2024-11-23 16:58:20
1257,1123,17,2024-11-23 16:58:32
1308,1123,21,2024-11-23 16:59:05
1299,1123,30,2024-11-23 16:59:07
1298,1123,24,2024-11-23 16:59:15
1304,1123,25,2024-11-23 17:02:13
1268,1123,29,2024-11-23 17:02:13
1253,1123,7,2024-11-23 17:02:28
1310,1123,9,2024-11-23 17:02:29
1277,1123,20,2024-11-23 17:12:20
1283,1123,23,2024-11-23 17:13:03
1314,1123,11,2024-11-23 17:13:06
1276,1123,23,2024-11-23 17:15:59
1305,1123,10,2024-11-23 18:06:58
1340,18,21,2024-11-23 18:48:17
1277,18,9,2024-11-23 18:48:20
1292,1126,43,2024-11-24 20:26:48
1300,1126,38,2024-11-24 20:26:49
1311,1126,32,2024-11-24 20:26:52
1263,1126,36,2024-11-24 20:26:53
1255,1126,35,2024-11-24 20:26:57
1288,1126,41,2024-11-24 20:26:58
1293,1126,41,2024-11-24 20:27:02
1286,1126,33,2024-11-24 20:27:07
1264,1126,29,2024-11-24 20:27:08
1292,1127,20,2024-11-25 01:06:22
1277,1010,21,2024-11-25 15:38:34
1354,1,55,2024-11-25 16:20:22
1341,1,71,2024-11-25 16:20:24
1346,1,66,2024-11-25 16:20:28
1349,1,64,2024-11-25 16:20:30
1345,1,83,2024-11-25 16:20:37
1342,1,47,2024-11-25 16:20:42
1355,1,78,2024-11-26 06:48:29
1347,1,88,2024-11-26 06:55:37
1361,1,45,2024-11-26 09:27:45
1353,1,61,2024-11-26 09:27:47
1292,1128,21,2024-11-26 14:23:14
1255,1128,24,2024-11-26 14:26:03
1288,1128,17,2024-11-26 14:26:04
1352,1,59,2024-11-26 16:48:18
1224,152,16,2024-11-27 00:55:41
583,152,25,2024-11-27 00:55:44
771,1105,11,2024-11-27 03:43:55
386,1105,15,2024-11-27 03:43:57
176,1105,10,2024-11-27 03:43:59
1364,1,59,2024-11-27 14:43:16
1367,1,73,2024-11-27 14:43:26
1371,1,49,2024-11-27 14:43:44
1343,1,59,2024-11-27 14:43:50
1366,1,58,2024-11-27 15:24:43
1359,1,59,2024-11-27 16:03:26
1344,1,53,2024-11-27 16:03:29
1370,1,52,2024-11-27 16:14:16
1351,1,48,2024-11-27 16:55:10
1293,1129,42,2024-11-27 22:28:37
1292,1129,39,2024-11-27 22:28:38
1372,1,66,2024-11-28 08:34:21
1374,1,72,2024-11-28 08:35:12
1369,1,63,2024-11-28 09:21:15
1358,1,44,2024-11-28 09:21:18
1365,1,44,2024-11-28 09:21:20
1356,1,62,2024-11-28 09:21:24
1357,1,67,2024-11-28 09:27:58
1373,1,65,2024-11-28 09:28:02
1362,1,53,2024-11-28 09:28:13
1314,1128,24,2024-11-28 12:39:22
1313,1128,12,2024-11-28 12:39:24
1293,1130,9,2024-11-28 17:52:20
1224,1010,17,2024-11-28 18:55:16
774,1010,16,2024-11-28 18:55:19
517,1010,23,2024-11-28 18:55:21
422,1010,15,2024-11-28 18:55:24
32,1010,19,2024-11-28 18:55:38
773,1010,73,2024-11-28 18:55:44
1189,203,29,2024-11-30 18:56:58
1251,203,52,2024-11-30 19:00:57
1214,203,40,2024-11-30 19:01:01
1224,203,23,2024-11-30 19:38:15
773,203,31,2024-11-30 19:38:31
167,203,38,2024-11-30 19:38:37
1292,1135,20,2024-12-01 01:07:49
1305,1135,11,2024-12-01 01:07:52
1265,1135,10,2024-12-01 11:03:43
1286,1135,17,2024-12-01 11:04:01
1314,1135,15,2024-12-01 11:04:07
1289,1135,16,2024-12-01 11:04:16
1306,1135,14,2024-12-01 11:04:31
1276,1135,18,2024-12-01 11:04:41
1292,1137,20,2024-12-01 17:16:44
1305,1137,30,2024-12-01 17:16:47
1263,1137,5,2024-12-01 17:16:50
1288,1137,16,2024-12-01 17:16:52
1365,1132,28,2024-12-02 03:33:44
1382,1132,22,2024-12-02 03:33:45
1376,1132,32,2024-12-02 03:33:56
1375,1132,15,2024-12-02 03:33:57
1363,1132,28,2024-12-02 03:34:00
1368,1132,61,2024-12-02 03:34:07
1342,1132,43,2024-12-02 03:34:08
1381,1132,60,2024-12-02 03:34:09
1380,1132,51,2024-12-02 03:34:11
1379,1132,34,2024-12-02 03:34:16
1358,1132,23,2024-12-02 03:34:21
1374,1132,37,2024-12-02 03:34:26
1372,1132,29,2024-12-02 03:34:29
1344,1132,8,2024-12-02 03:34:31
1362,1132,28,2024-12-02 03:34:32
1356,1132,31,2024-12-02 03:34:33
1367,1132,41,2024-12-02 03:34:34
1353,1132,12,2024-12-02 03:34:47
1354,1132,27,2024-12-02 03:34:51
1369,1132,48,2024-12-02 03:34:57
1357,1132,33,2024-12-02 04:49:07
1366,1132,29,2024-12-02 04:49:19
1351,1132,14,2024-12-02 04:49:23
1371,1132,20,2024-12-02 04:49:28
376,1010,18,2024-12-02 08:11:59
148,1010,20,2024-12-02 08:12:00
1292,1138,17,2024-12-02 09:16:07
1305,1138,21,2024-12-02 09:16:51
1377,5,27,2024-12-02 09:23:33
1342,5,27,2024-12-02 09:23:39
1370,5,24,2024-12-02 09:23:49
1373,5,20,2024-12-02 09:24:12
1365,5,48,2024-12-02 09:24:17
1367,5,20,2024-12-02 09:24:22
1358,5,23,2024-12-02 09:26:52
1374,5,44,2024-12-02 09:26:58
1352,5,35,2024-12-02 09:27:09
1364,5,100,2024-12-02 09:27:40
1362,5,26,2024-12-02 09:27:49
1356,5,33,2024-12-02 09:28:04
1344,5,28,2024-12-02 09:28:14
1372,5,19,2024-12-02 09:28:27
1368,5,19,2024-12-02 09:28:43
1341,5,27,2024-12-02 09:28:59
1380,5,100,2024-12-02 09:29:04
1375,5,31,2024-12-02 09:29:04
1379,5,12,2024-12-02 09:29:05
1346,5,31,2024-12-02 10:30:53
1355,5,20,2024-12-02 10:31:07
1369,5,31,2024-12-02 10:32:18
1359,5,19,2024-12-02 10:32:49
1357,5,21,2024-12-02 10:33:16
1371,5,22,2024-12-02 10:33:45
1385,5,51,2024-12-02 14:47:44
1224,5,81,2024-12-02 14:47:58
654,1039,21,2024-12-03 11:18:05
1384,1,100,2024-12-03 14:42:20
1387,1,54,2024-12-03 14:42:33
1386,1,100,2024-12-03 14:42:37
1382,1,56,2024-12-03 15:19:14
1377,1,57,2024-12-03 15:19:25
1383,1,48,2024-12-03 15:19:42
1380,1,100,2024-12-03 15:19:46
1385,1,100,2024-12-03 15:19:50
1379,1,81,2024-12-03 15:20:01
1381,1,35,2024-12-03 15:20:05
1375,1,52,2024-12-03 15:23:14
1376,1,57,2024-12-04 09:54:45
1368,1,49,2024-12-04 09:55:10
1363,1,47,2024-12-04 09:57:34
1316,1,56,2024-12-04 10:10:40
635,1,54,2024-12-04 10:10:44
631,1,43,2024-12-04 10:10:48
63,1,56,2024-12-04 10:11:31
1390,1,13,2024-12-05 07:21:02
1330,1010,64,2024-12-05 08:51:58
1320,1010,43,2024-12-05 08:55:20
1329,1010,79,2024-12-05 08:55:58
1391,1,55,2024-12-05 11:11:21
1347,1132,17,2024-12-05 14:53:19
167,152,9,2024-12-05 15:15:33
1387,16,61,2024-12-05 15:35:57
1377,16,44,2024-12-05 15:36:13
1384,16,59,2024-12-05 15:36:15
1390,16,36,2024-12-05 16:32:46
1349,16,50,2024-12-05 16:32:51
1391,16,35,2024-12-05 19:23:51
1347,16,33,2024-12-05 19:24:01
1341,16,76,2024-12-05 19:24:14
1342,16,60,2024-12-05 19:24:55
1386,16,47,2024-12-05 19:25:03
1361,16,46,2024-12-05 19:25:10
1385,16,40,2024-12-05 19:25:18
1364,16,38,2024-12-05 19:25:24
1346,16,38,2024-12-05 19:25:47
1355,16,24,2024-12-05 19:31:08
1373,16,24,2024-12-05 19:31:11
1367,16,21,2024-12-05 19:31:12
1369,16,26,2024-12-05 19:31:13
1368,16,39,2024-12-05 19:31:15
1384,1132,86,2024-12-06 02:28:02
1383,1132,27,2024-12-06 02:28:15
1343,1132,20,2024-12-06 02:28:18
1341,1132,26,2024-12-06 02:28:20
1349,1132,26,2024-12-06 02:28:29
1387,1132,23,2024-12-06 02:28:31
1395,1132,18,2024-12-06 07:29:49
1399,1132,13,2024-12-06 07:29:50
1401,1132,15,2024-12-06 07:29:57
1396,1132,16,2024-12-06 07:30:06
1392,1132,11,2024-12-06 07:30:09
1393,1132,100,2024-12-06 07:30:21
1387,1039,27,2024-12-06 09:36:41
1397,1,100,2024-12-06 09:56:19
1293,1185,22,2024-12-06 09:56:33
1292,1185,15,2024-12-06 09:56:35
1305,1185,15,2024-12-06 10:35:46
1263,1185,13,2024-12-06 10:35:47
1285,1185,14,2024-12-06 10:37:15
1298,1185,13,2024-12-06 10:37:15
1252,1185,18,2024-12-06 10:37:15
1288,1185,17,2024-12-06 10:37:16
1264,1185,14,2024-12-06 10:38:00
1257,1185,14,2024-12-06 10:38:01
1281,1185,16,2024-12-06 10:38:01
1283,1161,21,2024-12-06 13:32:57
1277,1161,23,2024-12-06 13:32:58
1386,1132,28,2024-12-06 20:37:31
1361,1132,42,2024-12-06 20:37:34
1391,1132,40,2024-12-06 20:37:36
1305,1220,29,2024-12-07 04:15:16
1263,1220,25,2024-12-07 04:15:19
1288,1220,26,2024-12-07 04:15:20
1298,1220,16,2024-12-07 04:15:33
1285,1220,11,2024-12-07 04:15:34
1264,1220,19,2024-12-07 04:17:30
1257,1220,24,2024-12-07 04:17:31
1385,1132,35,2024-12-07 05:54:39
1346,1132,40,2024-12-07 05:54:44
1364,1132,54,2024-12-07 05:55:01
1377,1132,6,2024-12-07 05:55:12
1359,1132,41,2024-12-07 05:55:59
1355,1132,38,2024-12-07 05:56:39
1560,18,22,2024-12-07 07:00:05
1394,16,98,2024-12-07 08:23:10
1397,16,100,2024-12-07 08:23:16
1376,16,75,2024-12-07 08:23:22
1354,16,67,2024-12-07 08:23:38
1356,16,63,2024-12-07 08:24:04
1381,5,21,2024-12-07 08:33:01
1689,1,24,2024-12-07 12:44:41
1685,1,100,2024-12-07 12:45:07
1686,1,54,2024-12-07 12:45:08
1393,1,100,2024-12-07 12:46:01
1395,1,62,2024-12-07 12:46:20
1396,1,100,2024-12-07 12:46:21
1401,1,45,2024-12-07 12:46:25
1399,1,47,2024-12-07 12:46:28
1392,1,49,2024-12-07 12:46:30
1699,1,99,2024-12-07 12:58:48
422,152,9,2024-12-07 16:22:36
583,18,28,2024-12-07 23:42:12
1685,1132,96,2024-12-08 04:07:28
1699,1132,100,2024-12-08 04:07:29
1689,1132,37,2024-12-08 04:07:31
1370,1132,31,2024-12-08 04:07:38
654,152,17,2024-12-08 04:18:37
698,152,13,2024-12-08 04:18:38
1807,1105,27,2024-12-08 05:23:21
546,1105,36,2024-12-08 05:23:24
1140,1105,12,2024-12-08 05:23:44
692,1105,10,2024-12-08 05:23:47
142,1105,44,2024-12-08 05:23:50
167,196,25,2024-12-08 13:47:05
583,196,16,2024-12-08 13:47:07
631,196,14,2024-12-08 13:47:07
1877,196,13,2024-12-08 13:47:47
1224,196,18,2024-12-08 13:47:49
1694,1132,49,2024-12-08 23:42:44
1345,1132,98,2024-12-08 23:43:15
1394,1,71,2024-12-09 12:46:32
1699,5,18,2024-12-09 12:58:54
1685,5,16,2024-12-09 12:58:55
1396,5,27,2024-12-09 13:00:45
1354,5,96,2024-12-09 13:00:46
1694,5,98,2024-12-09 13:00:47
1387,5,100,2024-12-09 13:03:05
773,5,48,2024-12-09 13:04:15
365,5,100,2024-12-09 13:04:20
59,5,100,2024-12-09 13:06:29
1214,5,23,2024-12-09 13:06:48
814,5,42,2024-12-09 13:06:49
698,5,35,2024-12-09 13:06:51
694,5,41,2024-12-09 13:06:52
1694,1,100,2024-12-09 13:07:01
868,5,28,2024-12-09 13:07:01
129,5,28,2024-12-09 13:07:03
1393,1039,69,2024-12-09 13:13:41
1345,1039,92,2024-12-09 13:13:55
1397,1039,89,2024-12-09 13:14:04
1394,1039,98,2024-12-09 13:14:38
1384,1039,26,2024-12-09 13:14:40
1685,1039,25,2024-12-09 13:58:14
1380,1039,28,2024-12-09 13:58:17
1364,1039,25,2024-12-09 13:58:17
1354,1039,24,2024-12-09 13:58:18
167,1039,21,2024-12-09 13:58:29
797,5,34,2024-12-09 13:59:12
914,5,43,2024-12-09 13:59:18
1383,1039,100,2024-12-09 13:59:25
1376,1039,100,2024-12-09 14:02:23
1374,1039,100,2024-12-09 14:02:32
1854,1010,23,2024-12-09 15:03:22
1393,16,64,2024-12-09 18:36:20
1694,16,99,2024-12-09 18:36:24
1345,16,99,2024-12-09 18:56:15
1383,16,100,2024-12-09 23:25:10
1386,5,100,2024-12-10 04:48:03
548,5,60,2024-12-10 08:02:55
376,5,69,2024-12-10 08:02:57
1386,1039,23,2024-12-10 11:29:29
1293,1281,15,2024-12-10 12:56:49
1292,1281,19,2024-12-10 12:56:57
1305,1281,24,2024-12-10 12:56:59
