Post ID,User ID,Viewed At
631,114,2024-01-10 07:20:55
626,114,2024-01-10 07:21:18
571,114,2024-01-10 07:22:02
558,116,2024-01-10 12:33:47
551,116,2024-01-10 12:33:55
560,116,2024-01-10 12:34:06
588,116,2024-01-10 12:34:47
473,44,2024-01-11 18:32:10
633,44,2024-01-11 18:33:51
67,44,2024-01-11 18:38:57
66,44,2024-01-11 18:39:15
65,44,2024-01-11 18:39:33
64,44,2024-01-11 18:39:45
63,44,2024-01-11 18:39:58
151,47,2024-01-11 19:02:05
161,47,2024-01-11 19:02:19
415,47,2024-01-11 19:02:34
583,118,2024-01-11 19:28:22
556,118,2024-01-11 19:28:37
151,118,2024-01-11 19:28:57
159,47,2024-01-11 21:41:35
143,47,2024-01-11 21:41:53
512,47,2024-01-11 21:42:07
151,119,2024-01-12 15:42:21
629,119,2024-01-12 15:42:59
586,120,2024-01-12 18:39:01
151,120,2024-01-12 18:39:28
448,44,2024-01-12 20:30:02
447,44,2024-01-12 20:30:38
446,44,2024-01-12 20:31:10
631,44,2024-01-12 20:31:37
634,44,2024-01-12 20:32:12
540,47,2024-01-13 00:25:18
155,47,2024-01-13 00:25:39
150,47,2024-01-13 00:25:59
151,121,2024-01-13 12:25:02
627,121,2024-01-13 12:25:13
560,123,2024-01-15 06:18:43
583,123,2024-01-15 06:18:59
151,123,2024-01-15 06:19:27
151,124,2024-01-15 13:18:20
583,125,2024-01-16 07:48:23
586,126,2024-01-16 10:07:08
583,126,2024-01-16 10:07:29
548,126,2024-01-16 10:07:48
631,127,2024-01-16 14:18:27
588,127,2024-01-16 14:18:34
151,127,2024-01-16 14:18:45
629,127,2024-01-16 14:18:57
151,128,2024-01-16 17:48:51
626,130,2024-01-17 21:29:28
617,130,2024-01-17 21:30:04
590,131,2024-01-17 22:51:45
86,47,2024-01-19 15:15:59
560,47,2024-01-19 16:41:22
31,47,2024-01-19 16:41:33
154,47,2024-01-19 16:42:20
558,47,2024-01-19 16:42:39
548,47,2024-01-19 16:42:49
549,47,2024-01-19 16:43:05
499,47,2024-01-19 16:44:39
142,47,2024-01-19 16:44:55
151,68,2024-01-19 23:54:23
496,136,2024-01-22 09:27:49
633,136,2024-01-22 09:27:58
81,136,2024-01-22 09:28:16
19,47,2024-01-25 18:28:37
513,44,2024-01-27 16:14:51
151,141,2024-01-29 14:39:47
415,141,2024-01-29 14:40:49
516,47,2024-01-29 22:45:37
546,47,2024-01-30 03:15:37
633,47,2024-01-30 06:35:43
513,47,2024-01-30 06:36:06
148,47,2024-01-30 06:36:29
52,47,2024-01-30 06:36:44
461,47,2024-01-30 06:37:03
33,47,2024-01-30 06:37:24
487,47,2024-01-30 08:31:22
462,142,2024-01-30 14:14:04
583,47,2024-02-02 15:44:21
160,47,2024-02-05 22:41:26
469,47,2024-02-05 22:41:42
158,47,2024-02-06 06:52:31
629,47,2024-02-06 20:16:39
518,47,2024-02-06 20:17:24
517,47,2024-02-06 20:17:52
432,47,2024-02-06 20:19:23
412,47,2024-02-06 20:19:48
387,47,2024-02-06 20:20:09
379,47,2024-02-06 20:20:27
377,47,2024-02-06 20:20:40
453,47,2024-02-06 20:22:36
496,47,2024-02-06 20:25:21
468,47,2024-02-06 20:25:49
462,47,2024-02-06 20:26:04
456,47,2024-02-06 20:26:19
452,47,2024-02-06 20:26:29
436,47,2024-02-06 20:26:58
430,47,2024-02-06 20:27:29
423,47,2024-02-06 20:28:04
414,47,2024-02-06 20:28:39
413,47,2024-02-06 20:28:44
390,47,2024-02-06 20:28:59
386,47,2024-02-06 20:29:31
364,47,2024-02-06 20:30:05
363,47,2024-02-06 20:30:45
252,47,2024-02-06 20:31:01
213,47,2024-02-06 20:31:28
212,47,2024-02-06 20:31:36
211,47,2024-02-06 20:31:44
422,47,2024-02-07 01:34:41
459,26,2024-02-07 01:41:37
458,26,2024-02-07 01:41:43
617,26,2024-02-07 01:41:48
151,26,2024-02-07 15:50:25
415,26,2024-02-07 15:51:11
551,47,2024-02-08 00:27:15
558,26,2024-02-08 00:44:37
635,26,2024-02-08 00:44:54
634,26,2024-02-08 00:45:21
633,26,2024-02-08 00:45:25
491,47,2024-02-08 04:30:07
152,47,2024-02-08 04:30:19
14,47,2024-02-08 04:30:24
159,26,2024-02-08 06:41:50
540,26,2024-02-08 06:42:09
161,26,2024-02-08 14:35:51
588,47,2024-02-09 04:16:48
58,47,2024-02-09 04:17:05
163,47,2024-02-09 04:17:28
164,47,2024-02-09 04:18:04
427,47,2024-02-09 04:19:50
153,47,2024-02-09 17:02:09
426,47,2024-02-09 17:02:18
60,47,2024-02-09 17:02:33
64,47,2024-02-09 17:03:29
583,26,2024-02-10 15:53:44
578,26,2024-02-10 15:59:31
611,26,2024-02-10 16:00:29
609,26,2024-02-10 16:00:37
394,26,2024-03-06 14:05:37
393,26,2024-03-06 14:05:52
392,26,2024-03-06 14:05:59
160,26,2024-03-06 14:08:39
82,16,2024-03-07 12:59:44
81,26,2024-03-07 13:34:55
151,151,2024-03-09 04:42:58
415,151,2024-03-09 04:43:43
161,151,2024-03-09 04:43:47
159,151,2024-03-09 04:44:02
143,151,2024-03-09 04:44:56
560,151,2024-03-09 04:45:04
33,151,2024-03-09 04:45:24
531,151,2024-03-09 04:45:53
633,151,2024-03-09 04:46:04
151,36,2024-03-13 17:25:45
86,151,2024-03-14 12:14:18
81,151,2024-03-15 04:38:42
633,149,2024-03-15 11:23:16
151,155,2024-03-15 12:33:44
415,155,2024-03-15 12:33:55
633,155,2024-03-15 12:35:25
631,155,2024-03-15 12:35:31
629,155,2024-03-15 12:35:41
590,155,2024-03-15 12:35:50
588,155,2024-03-15 12:36:03
586,155,2024-03-15 12:36:16
583,155,2024-03-15 12:37:11
563,155,2024-03-15 12:37:58
558,155,2024-03-15 12:38:10
161,155,2024-03-15 12:38:25
159,155,2024-03-15 12:38:40
143,155,2024-03-15 12:38:59
540,155,2024-03-15 12:39:19
560,155,2024-03-15 12:39:22
512,155,2024-03-15 12:39:27
33,155,2024-03-15 12:39:38
31,155,2024-03-15 12:39:46
142,155,2024-03-15 12:40:02
549,153,2024-03-15 13:17:49
151,149,2024-03-15 18:05:16
540,149,2024-03-15 18:08:45
560,149,2024-03-15 18:10:05
411,149,2024-03-16 03:32:38
635,156,2024-03-16 07:13:19
86,155,2024-03-16 14:23:34
154,155,2024-03-17 02:48:11
158,155,2024-03-17 02:48:25
19,155,2024-03-17 02:49:53
155,155,2024-03-17 02:51:06
150,155,2024-03-17 02:51:28
160,155,2024-03-17 02:51:43
513,155,2024-03-17 02:52:13
173,155,2024-03-17 02:52:23
148,155,2024-03-17 02:52:27
151,154,2024-03-17 13:38:06
151,148,2024-03-18 02:27:46
52,155,2024-03-18 05:07:34
153,155,2024-03-18 05:07:37
453,147,2024-03-19 04:07:10
422,161,2024-03-20 06:11:02
151,162,2024-03-20 14:55:24
151,163,2024-03-21 05:59:37
629,163,2024-03-21 06:00:01
627,163,2024-03-21 06:00:10
516,155,2024-03-22 01:53:30
551,155,2024-03-22 01:53:48
161,149,2024-03-22 03:46:24
154,149,2024-03-22 03:47:30
33,149,2024-03-22 03:47:36
563,164,2024-03-22 08:31:16
151,164,2024-03-22 08:31:40
393,165,2024-03-22 13:00:01
391,165,2024-03-22 13:00:09
151,166,2024-03-23 21:09:54
415,166,2024-03-23 21:10:02
467,53,2024-03-24 07:41:21
466,53,2024-03-24 07:42:14
193,148,2024-03-25 13:44:49
151,167,2024-03-26 02:38:19
415,167,2024-03-26 02:41:00
161,167,2024-03-26 02:42:08
86,167,2024-03-26 02:42:22
143,167,2024-03-26 02:42:46
560,167,2024-03-26 02:53:29
159,167,2024-03-26 02:53:36
512,167,2024-03-26 02:53:49
31,167,2024-03-26 02:54:35
142,167,2024-03-26 02:54:40
609,168,2024-03-26 12:47:59
626,169,2024-03-26 14:11:55
540,167,2024-03-26 14:49:22
151,170,2024-03-26 22:49:27
86,170,2024-03-26 22:51:17
560,170,2024-03-26 22:51:56
33,167,2024-03-27 17:21:38
154,167,2024-03-27 17:22:04
155,167,2024-03-27 17:22:18
19,167,2024-03-27 17:22:36
438,172,2024-03-27 18:11:10
437,172,2024-03-27 18:11:31
193,172,2024-03-27 18:32:24
191,172,2024-03-27 18:32:31
189,172,2024-03-27 18:33:00
186,172,2024-03-27 18:33:35
454,172,2024-03-27 18:33:59
453,172,2024-03-27 18:34:02
451,172,2024-03-27 18:34:20
397,173,2024-03-28 07:36:49
52,167,2024-03-28 14:34:38
158,167,2024-03-28 14:34:47
150,167,2024-03-28 14:35:07
516,167,2024-03-28 14:35:23
159,174,2024-03-28 17:27:36
560,174,2024-03-28 17:27:47
161,174,2024-03-28 17:28:29
151,174,2024-03-28 17:28:37
142,174,2024-03-28 17:29:11
633,167,2024-03-28 20:51:49
551,167,2024-03-28 20:52:39
160,167,2024-03-28 20:52:47
546,167,2024-03-28 20:52:58
259,172,2024-03-28 22:45:31
626,172,2024-03-28 22:45:36
258,172,2024-03-28 22:45:48
38,155,2024-03-29 13:13:11
655,175,2024-03-29 19:18:46
656,175,2024-03-29 19:19:14
159,175,2024-03-29 19:19:52
560,175,2024-03-29 19:20:00
161,175,2024-03-29 19:20:15
40,167,2024-03-30 01:52:44
629,167,2024-03-30 01:53:08
590,167,2024-03-30 01:53:19
513,167,2024-03-30 02:24:30
148,167,2024-03-30 02:24:45
583,167,2024-03-30 02:25:07
173,167,2024-03-30 02:25:22
153,167,2024-03-30 02:25:33
461,167,2024-03-30 02:25:45
38,167,2024-03-30 02:25:55
143,175,2024-03-30 07:14:24
551,176,2024-03-30 13:02:37
549,176,2024-03-30 13:02:41
660,176,2024-03-30 13:02:49
659,176,2024-03-30 13:02:52
460,176,2024-03-31 11:55:12
82,167,2024-03-31 19:36:01
39,167,2024-03-31 19:37:39
14,167,2024-03-31 19:38:02
159,177,2024-04-02 04:22:44
159,170,2024-04-02 10:01:24
159,178,2024-04-02 19:49:40
560,178,2024-04-02 19:51:50
697,178,2024-04-02 19:52:48
151,178,2024-04-02 19:52:55
373,179,2024-04-03 13:13:56
516,160,2024-04-03 16:45:46
558,175,2024-04-03 17:38:57
143,170,2024-04-03 20:44:11
634,180,2024-04-04 05:11:45
459,180,2024-04-04 05:11:57
558,160,2024-04-04 13:56:04
19,160,2024-04-04 13:56:08
60,160,2024-04-04 13:56:16
560,160,2024-04-04 13:56:19
558,167,2024-04-05 02:12:10
36,179,2024-04-05 05:05:26
31,179,2024-04-05 05:05:33
151,181,2024-04-05 16:50:52
648,182,2024-04-05 17:48:33
81,182,2024-04-05 17:48:57
452,182,2024-04-05 17:49:09
655,182,2024-04-05 17:49:18
654,182,2024-04-05 17:49:55
635,182,2024-04-05 17:50:29
510,183,2024-04-05 17:50:56
609,183,2024-04-05 18:43:23
608,183,2024-04-05 18:43:30
607,183,2024-04-05 18:43:36
56,47,2024-04-05 18:43:58
404,39,2024-04-05 20:27:48
784,39,2024-04-05 20:32:03
784,182,2024-04-08 06:58:54
159,173,2024-04-08 09:45:31
36,167,2024-04-08 11:34:55
436,167,2024-04-08 11:35:10
60,167,2024-04-08 11:35:28
56,167,2024-04-08 11:35:48
19,175,2024-04-09 05:01:42
159,184,2024-04-09 11:09:53
560,184,2024-04-09 11:10:43
161,184,2024-04-09 11:10:55
143,184,2024-04-09 11:11:10
151,184,2024-04-09 11:11:35
33,184,2024-04-09 11:11:49
415,184,2024-04-09 11:12:08
540,184,2024-04-09 11:12:29
86,184,2024-04-09 11:12:56
40,184,2024-04-09 11:13:27
52,184,2024-04-09 11:13:30
558,166,2024-04-09 14:27:00
19,166,2024-04-09 14:27:04
36,166,2024-04-09 14:27:33
784,183,2024-04-10 16:48:03
36,47,2024-04-10 19:03:03
38,47,2024-04-10 19:03:32
15,47,2024-04-10 19:03:33
16,47,2024-04-10 19:03:34
16,167,2024-04-11 01:04:40
845,167,2024-04-11 01:04:53
722,167,2024-04-11 04:04:59
724,167,2024-04-11 04:05:05
623,172,2024-04-11 09:48:40
36,175,2024-04-11 16:11:48
867,175,2024-04-11 16:12:38
841,175,2024-04-11 16:15:07
33,175,2024-04-11 16:16:02
898,180,2024-04-12 03:16:55
884,180,2024-04-12 03:17:18
880,180,2024-04-12 03:17:29
626,180,2024-04-12 03:54:18
81,180,2024-04-12 03:54:40
635,180,2024-04-12 03:55:14
625,180,2024-04-12 06:48:20
624,180,2024-04-12 06:48:23
623,180,2024-04-12 06:48:33
618,180,2024-04-12 06:48:47
15,149,2024-04-12 18:51:50
16,149,2024-04-12 18:51:58
38,149,2024-04-12 18:52:04
60,149,2024-04-12 18:52:09
558,149,2024-04-12 18:52:44
608,180,2024-04-13 05:14:33
15,155,2024-04-13 15:43:32
16,155,2024-04-13 15:43:38
36,155,2024-04-13 15:43:47
56,155,2024-04-13 15:43:52
897,180,2024-04-14 07:32:28
895,180,2024-04-14 07:32:38
159,185,2024-04-15 06:43:20
143,185,2024-04-15 06:45:40
86,185,2024-04-15 06:45:59
436,185,2024-04-15 06:46:36
31,185,2024-04-15 06:46:46
15,185,2024-04-15 10:22:02
959,149,2024-04-16 17:45:25
81,149,2024-04-16 17:46:10
784,186,2024-04-16 23:17:43
706,148,2024-04-17 05:33:55
705,148,2024-04-17 05:33:57
973,188,2024-04-17 18:33:49
159,188,2024-04-17 18:33:58
996,189,2024-04-18 07:57:22
177,149,2024-04-18 11:48:56
629,149,2024-04-18 11:49:19
173,149,2024-04-18 11:49:42
84,149,2024-04-18 11:50:13
56,149,2024-04-18 11:50:18
17,149,2024-04-18 11:51:32
13,149,2024-04-18 11:51:41
742,191,2024-04-20 02:25:10
996,191,2024-04-20 02:25:28
754,39,2024-04-21 12:03:12
459,39,2024-04-21 12:04:02
997,192,2024-04-22 04:53:43
159,192,2024-04-22 06:18:09
560,192,2024-04-22 06:18:13
780,192,2024-04-22 06:20:18
779,192,2024-04-22 06:20:37
777,192,2024-04-22 06:20:54
635,192,2024-04-22 06:21:29
784,192,2024-04-22 06:21:48
81,192,2024-04-22 06:22:13
634,192,2024-04-22 06:23:00
459,192,2024-04-22 06:23:21
996,192,2024-04-22 06:23:48
995,192,2024-04-22 06:23:57
993,192,2024-04-22 06:24:03
992,192,2024-04-22 06:24:09
621,192,2024-04-22 06:24:46
619,192,2024-04-22 06:24:58
618,192,2024-04-22 06:25:55
617,192,2024-04-22 06:26:22
616,192,2024-04-22 06:26:33
614,192,2024-04-22 06:26:38
613,192,2024-04-22 06:27:08
612,192,2024-04-22 06:27:37
611,192,2024-04-22 06:28:06
610,192,2024-04-22 06:28:35
609,192,2024-04-22 06:29:03
775,193,2024-04-22 22:07:32
33,194,2024-04-23 04:45:47
86,194,2024-04-23 04:45:55
512,194,2024-04-23 04:46:07
155,149,2024-04-23 10:06:45
784,195,2024-04-23 17:19:44
1002,195,2024-04-23 17:20:20
635,195,2024-04-24 11:24:15
151,194,2024-04-25 05:10:34
130,194,2024-04-25 05:10:42
173,194,2024-04-25 05:11:07
177,194,2024-04-25 05:11:18
84,194,2024-04-25 05:11:34
362,194,2024-04-25 05:11:37
31,194,2024-04-25 05:13:45
629,194,2024-04-25 05:13:58
56,194,2024-04-25 05:14:11
1052,180,2024-04-27 04:58:22
1048,180,2024-04-27 04:58:37
1045,180,2024-04-27 04:58:55
1043,180,2024-04-27 04:59:09
1042,180,2024-04-27 04:59:17
1041,180,2024-04-27 04:59:23
1039,180,2024-04-27 04:59:38
39,170,2024-04-27 21:50:59
156,170,2024-04-27 22:05:26
15,194,2024-04-28 07:45:41
1060,194,2024-04-28 07:46:00
1059,194,2024-04-28 07:46:13
1056,194,2024-04-28 07:46:33
1054,194,2024-04-28 07:46:44
1053,194,2024-04-28 07:46:49
1033,194,2024-04-28 07:47:07
1023,194,2024-04-28 07:48:07
1022,194,2024-04-28 07:52:16
983,194,2024-04-28 07:53:11
13,194,2024-04-28 07:54:01
1006,194,2024-04-28 07:54:16
979,194,2024-04-28 07:54:26
38,194,2024-04-28 07:54:39
19,194,2024-04-28 07:54:46
558,194,2024-04-28 07:54:55
60,194,2024-04-28 07:55:05
516,194,2024-04-28 07:55:22
16,194,2024-04-28 07:55:31
36,194,2024-04-28 07:55:52
43,194,2024-04-28 07:56:07
150,194,2024-04-28 07:56:17
549,194,2024-04-28 07:56:27
160,194,2024-04-28 07:56:30
158,194,2024-04-28 07:56:55
153,194,2024-04-28 07:57:01
979,197,2024-04-28 08:33:03
978,197,2024-04-28 08:41:29
714,182,2024-04-29 05:53:48
13,192,2024-04-29 06:05:48
13,160,2024-04-29 10:27:09
15,160,2024-04-29 10:27:39
15,167,2024-04-30 11:35:54
13,167,2024-04-30 11:36:22
130,167,2024-04-30 18:09:52
84,167,2024-04-30 18:10:23
362,167,2024-04-30 18:10:35
1006,167,2024-04-30 18:10:45
177,167,2024-04-30 18:11:05
13,47,2024-04-30 23:46:08
130,47,2024-05-02 00:41:13
173,47,2024-05-02 00:42:12
1006,47,2024-05-02 00:42:47
84,47,2024-05-02 00:43:58
1006,155,2024-05-02 17:26:45
362,155,2024-05-02 17:28:42
150,192,2024-05-03 09:10:23
909,199,2024-05-03 10:57:00
1034,192,2024-05-05 15:12:22
626,192,2024-05-05 15:12:55
625,192,2024-05-05 15:12:57
1033,192,2024-05-05 15:13:25
1032,192,2024-05-05 15:13:27
1031,192,2024-05-05 15:13:29
1030,192,2024-05-05 15:13:32
1044,192,2024-05-05 15:13:40
1043,192,2024-05-05 15:13:45
1042,192,2024-05-05 15:13:46
1041,192,2024-05-05 15:13:50
1040,192,2024-05-05 15:13:55
934,192,2024-05-05 15:13:56
932,192,2024-05-05 15:14:13
931,192,2024-05-05 15:14:19
930,192,2024-05-05 15:14:21
832,192,2024-05-05 15:14:25
831,192,2024-05-05 15:14:27
830,192,2024-05-05 15:14:32
829,192,2024-05-05 15:14:33
169,192,2024-05-05 15:15:05
83,192,2024-05-05 15:16:35
1060,192,2024-05-05 15:22:49
876,192,2024-05-07 07:41:49
1063,192,2024-05-07 07:42:11
635,201,2024-05-07 09:52:03
1047,192,2024-05-07 12:16:39
837,192,2024-05-09 04:46:28
708,39,2024-05-09 12:21:05
1070,39,2024-05-09 12:37:51
769,202,2024-05-09 14:16:45
768,202,2024-05-09 14:17:00
766,202,2024-05-09 14:17:39
765,202,2024-05-09 14:17:45
722,202,2024-05-09 14:17:57
721,202,2024-05-09 14:18:17
693,202,2024-05-09 14:19:01
415,203,2024-05-11 02:01:40
52,203,2024-05-11 02:01:47
548,203,2024-05-11 02:02:00
540,203,2024-05-11 02:02:08
549,203,2024-05-11 02:02:26
469,203,2024-05-11 02:02:29
83,167,2024-05-11 07:38:59
175,167,2024-05-11 07:39:21
171,167,2024-05-11 07:39:23
163,167,2024-05-11 07:39:31
1063,167,2024-05-11 07:39:32
979,167,2024-05-11 07:39:35
147,167,2024-05-11 07:39:44
1059,167,2024-05-11 07:40:04
627,167,2024-05-11 07:40:10
549,167,2024-05-11 07:40:12
426,167,2024-05-11 07:40:27
359,167,2024-05-11 07:40:39
100,167,2024-05-11 07:40:40
1071,197,2024-05-11 22:48:44
81,197,2024-05-11 22:49:24
1060,197,2024-05-11 22:49:49
625,197,2024-05-11 22:50:15
1047,204,2024-05-12 12:34:36
163,155,2024-05-12 13:23:19
84,155,2024-05-12 13:23:28
165,155,2024-05-12 13:23:47
977,192,2024-05-12 16:35:28
163,192,2024-05-13 12:00:51
825,192,2024-05-14 05:06:04
1057,192,2024-05-14 05:09:27
1053,192,2024-05-14 05:10:45
171,192,2024-05-14 05:12:13
727,205,2024-05-14 17:54:27
977,205,2024-05-14 17:57:55
1063,205,2024-05-14 17:57:59
887,206,2024-05-15 01:25:58
1066,206,2024-05-15 01:26:27
1073,39,2024-05-15 08:39:46
1055,207,2024-05-15 16:30:07
159,207,2024-05-15 16:30:14
1033,207,2024-05-15 16:31:57
159,208,2024-05-15 16:34:20
1057,208,2024-05-15 16:34:36
1031,208,2024-05-15 16:34:52
1033,208,2024-05-15 16:34:56
1063,208,2024-05-15 16:36:31
1060,208,2024-05-15 16:36:42
1022,208,2024-05-15 16:37:04
163,148,2024-05-15 16:49:59
171,148,2024-05-15 16:50:03
841,148,2024-05-15 16:51:27
33,148,2024-05-15 16:51:51
1059,210,2024-05-15 21:56:20
1032,210,2024-05-15 21:56:28
163,210,2024-05-15 21:56:47
1054,210,2024-05-15 21:58:02
84,192,2024-05-16 06:24:31
1052,211,2024-05-16 11:40:28
928,180,2024-05-17 04:56:33
1063,180,2024-05-17 04:56:38
1073,180,2024-05-17 04:56:46
1066,180,2024-05-17 04:57:22
1065,180,2024-05-17 04:57:25
1064,180,2024-05-17 04:57:26
1062,180,2024-05-17 04:57:27
1059,212,2024-05-17 09:46:36
1056,212,2024-05-17 09:46:39
159,212,2024-05-17 09:47:14
785,213,2024-05-18 00:06:49
159,214,2024-05-18 04:29:40
742,215,2024-05-18 08:30:03
1052,215,2024-05-18 08:30:09
1066,215,2024-05-18 08:30:27
696,216,2024-05-18 13:46:48
697,216,2024-05-18 13:46:49
1007,216,2024-05-18 13:48:48
1063,216,2024-05-18 13:48:52
765,216,2024-05-18 13:49:42
764,216,2024-05-18 13:49:43
762,216,2024-05-18 13:49:46
761,216,2024-05-18 13:49:48
1053,217,2024-05-18 14:40:07
1060,217,2024-05-18 14:40:33
1031,217,2024-05-18 14:41:17
1073,216,2024-05-19 15:56:14
377,159,2024-05-20 08:09:36
173,192,2024-05-20 11:05:55
363,192,2024-05-20 11:05:58
247,192,2024-05-20 11:06:00
362,192,2024-05-20 11:06:02
979,192,2024-05-20 11:06:13
159,218,2024-05-20 12:41:31
1059,218,2024-05-20 12:41:42
1054,218,2024-05-20 12:41:56
1057,218,2024-05-20 12:42:08
1060,219,2024-05-20 16:05:41
785,222,2024-05-22 04:56:52
1063,222,2024-05-22 04:56:58
1063,223,2024-05-22 13:54:47
159,223,2024-05-22 13:54:57
159,224,2024-05-22 23:35:19
1053,224,2024-05-22 23:35:45
1063,225,2024-05-24 07:23:29
815,225,2024-05-24 07:23:36
1060,180,2024-05-24 07:52:57
1059,180,2024-05-24 07:52:58
1057,180,2024-05-24 07:53:02
1056,180,2024-05-24 07:53:03
1055,180,2024-05-24 07:53:04
1054,180,2024-05-24 07:53:06
1053,180,2024-05-24 07:53:08
1033,180,2024-05-24 07:53:10
1032,180,2024-05-24 07:53:12
1031,180,2024-05-24 07:53:13
1030,180,2024-05-24 07:53:16
1026,226,2024-05-24 10:01:18
1000,226,2024-05-24 10:01:33
159,226,2024-05-24 10:01:43
1053,226,2024-05-24 10:02:06
1063,226,2024-05-24 10:02:45
1055,226,2024-05-24 10:02:48
821,152,2024-05-24 13:57:25
820,152,2024-05-24 13:57:27
81,216,2024-05-24 17:25:50
627,190,2024-05-25 02:15:59
770,190,2024-05-25 02:16:01
767,190,2024-05-25 02:16:02
1063,228,2024-05-25 07:25:41
845,152,2024-05-25 17:55:26
822,152,2024-05-25 17:55:29
838,152,2024-05-26 02:24:44
861,152,2024-05-26 02:24:51
844,152,2024-05-26 02:24:53
847,152,2024-05-26 02:24:59
848,152,2024-05-26 02:25:05
842,152,2024-05-26 02:25:12
658,152,2024-05-26 02:25:13
834,152,2024-05-26 02:28:24
634,229,2024-05-26 03:38:03
810,231,2024-05-26 11:27:13
1055,232,2024-05-27 13:44:46
1053,232,2024-05-27 13:44:50
942,152,2024-05-28 01:59:55
13,152,2024-05-28 01:59:55
785,152,2024-05-28 02:00:00
46,152,2024-05-28 02:00:01
213,152,2024-05-29 07:19:24
56,152,2024-05-29 07:19:27
1006,152,2024-05-29 07:19:33
697,197,2024-05-29 11:35:03
696,197,2024-05-29 11:35:05
1017,197,2024-05-29 11:45:40
822,236,2024-05-29 13:12:22
1054,236,2024-05-29 13:12:59
1059,236,2024-05-29 13:15:29
838,236,2024-05-29 13:15:44
1073,237,2024-05-29 14:40:10
379,152,2024-05-30 00:29:11
84,152,2024-05-30 00:29:13
1059,152,2024-05-30 00:29:27
363,152,2024-05-30 00:29:28
780,238,2024-05-30 03:30:58
1025,239,2024-05-30 06:48:43
822,239,2024-05-30 06:49:04
173,152,2024-05-31 14:04:20
1063,194,2024-05-31 16:17:44
1032,194,2024-05-31 16:18:00
1028,194,2024-05-31 16:18:22
177,152,2024-06-01 05:47:05
979,152,2024-06-01 05:47:09
159,240,2024-06-01 14:30:42
560,240,2024-06-01 14:30:44
161,240,2024-06-01 14:47:23
143,240,2024-06-01 14:47:26
151,240,2024-06-01 14:47:28
159,216,2024-06-01 14:59:54
1063,241,2024-06-01 16:56:13
159,241,2024-06-01 16:56:15
560,241,2024-06-01 16:56:24
627,241,2024-06-01 16:56:34
626,241,2024-06-01 16:56:36
151,152,2024-06-02 02:51:53
31,152,2024-06-02 02:51:56
718,242,2024-06-02 05:40:00
1052,242,2024-06-02 05:40:04
159,243,2024-06-02 17:22:23
560,243,2024-06-02 17:22:39
822,47,2024-06-02 19:13:42
847,47,2024-06-02 19:13:58
177,47,2024-06-02 19:14:15
658,47,2024-06-02 19:14:16
979,47,2024-06-02 19:14:52
942,47,2024-06-02 19:14:55
779,47,2024-06-02 19:14:57
1055,244,2024-06-02 21:33:23
1063,244,2024-06-02 21:33:26
549,152,2024-06-03 01:09:16
779,152,2024-06-03 01:09:17
163,152,2024-06-03 01:09:19
992,245,2024-06-03 02:21:04
635,245,2024-06-03 02:21:20
822,243,2024-06-03 09:51:13
847,243,2024-06-03 09:51:17
13,243,2024-06-03 09:51:25
645,187,2024-06-03 12:16:49
549,243,2024-06-03 13:54:31
177,243,2024-06-03 13:54:39
151,243,2024-06-03 13:54:44
84,243,2024-06-03 13:55:02
363,243,2024-06-03 13:55:13
1059,243,2024-06-03 13:55:18
159,246,2024-06-04 02:42:40
1053,246,2024-06-04 02:43:11
1033,247,2024-06-04 08:45:16
1026,247,2024-06-04 08:45:48
847,247,2024-06-04 08:46:09
1031,247,2024-06-04 08:46:16
1062,248,2024-06-04 09:28:07
1064,248,2024-06-04 09:28:37
159,249,2024-06-04 10:17:53
1065,249,2024-06-04 10:18:35
1060,249,2024-06-04 10:18:42
36,152,2024-06-04 16:11:25
38,152,2024-06-04 16:11:25
1064,250,2024-06-04 16:18:26
1054,251,2024-06-04 16:53:27
1032,251,2024-06-04 16:53:30
847,251,2024-06-04 16:53:43
159,252,2024-06-04 18:08:03
56,254,2024-06-04 19:27:42
52,254,2024-06-04 19:27:44
40,254,2024-06-04 19:27:55
49,254,2024-06-04 19:27:56
847,254,2024-06-04 19:28:14
1033,254,2024-06-04 19:28:48
1066,256,2024-06-05 17:17:29
1064,256,2024-06-05 17:17:44
1062,256,2024-06-05 17:17:55
159,257,2024-06-05 17:54:22
1063,257,2024-06-05 17:54:26
1054,257,2024-06-05 17:54:29
1053,257,2024-06-05 17:55:34
1025,257,2024-06-05 17:55:40
1065,258,2024-06-05 20:38:02
1064,258,2024-06-05 20:38:16
426,152,2024-06-06 02:03:53
165,152,2024-06-06 02:03:54
1053,260,2024-06-06 19:12:56
1026,260,2024-06-06 19:13:25
1030,260,2024-06-06 19:13:47
1055,260,2024-06-06 19:14:39
1056,260,2024-06-06 19:14:59
847,260,2024-06-06 19:15:35
1029,260,2024-06-06 19:16:07
512,260,2024-06-06 19:16:15
40,260,2024-06-06 19:16:27
540,260,2024-06-06 19:16:51
822,260,2024-06-06 19:17:21
1063,260,2024-06-06 19:17:30
1054,260,2024-06-06 19:17:34
13,260,2024-06-06 19:18:32
1031,261,2024-06-07 01:33:14
847,261,2024-06-07 01:33:47
822,261,2024-06-07 01:34:14
1063,261,2024-06-07 01:34:18
1066,258,2024-06-07 01:47:41
1055,258,2024-06-07 01:48:39
1062,258,2024-06-07 01:48:59
159,262,2024-06-07 06:39:20
1054,262,2024-06-07 06:40:23
1056,262,2024-06-07 06:40:29
1053,263,2024-06-07 12:01:02
1031,263,2024-06-07 12:01:13
847,263,2024-06-07 12:01:44
621,263,2024-06-07 12:02:24
631,263,2024-06-07 12:03:00
822,263,2024-06-07 12:04:00
1055,263,2024-06-07 12:04:34
13,263,2024-06-07 12:04:49
1032,263,2024-06-07 12:04:53
1059,263,2024-06-07 12:05:21
1057,263,2024-06-07 12:05:36
1054,263,2024-06-07 12:08:11
1062,265,2024-06-07 15:53:47
1066,267,2024-06-07 21:35:09
1057,268,2024-06-08 01:46:46
1054,268,2024-06-08 01:46:51
1031,268,2024-06-08 01:46:55
159,269,2024-06-08 02:19:31
1063,269,2024-06-08 02:19:37
1060,269,2024-06-08 02:19:45
1056,269,2024-06-08 02:20:06
1031,269,2024-06-08 02:20:38
635,270,2024-06-08 05:49:40
1062,267,2024-06-08 08:06:54
724,152,2024-06-08 08:52:41
43,152,2024-06-08 08:52:42
1066,271,2024-06-08 17:05:46
1064,271,2024-06-08 17:05:49
1062,272,2024-06-08 19:28:22
1064,267,2024-06-08 21:41:18
150,152,2024-06-09 02:16:02
1063,152,2024-06-09 02:16:03
707,151,2024-06-09 03:21:58
706,151,2024-06-09 03:22:01
1062,276,2024-06-09 03:27:28
1064,276,2024-06-09 03:27:30
159,279,2024-06-09 10:29:20
1025,279,2024-06-09 10:29:51
1030,279,2024-06-09 10:30:00
1032,279,2024-06-09 10:30:03
847,279,2024-06-09 10:30:30
1062,280,2024-06-09 13:48:36
1064,282,2024-06-09 15:52:58
1065,282,2024-06-09 15:54:08
1066,282,2024-06-09 15:54:26
1062,282,2024-06-09 15:54:40
797,243,2024-06-10 11:27:25
100,152,2024-06-10 15:08:06
782,152,2024-06-10 15:08:07
770,152,2024-06-10 15:08:08
1062,285,2024-06-10 15:17:49
1064,288,2024-06-10 22:25:24
1062,288,2024-06-10 22:26:00
780,197,2024-06-11 06:07:56
779,197,2024-06-11 06:07:58
143,289,2024-06-11 06:54:14
151,289,2024-06-11 06:54:15
33,289,2024-06-11 06:54:47
415,289,2024-06-11 06:54:48
540,289,2024-06-11 06:54:49
86,289,2024-06-11 06:54:51
512,289,2024-06-11 06:54:55
40,289,2024-06-11 06:54:57
1066,291,2024-06-11 09:11:17
1054,292,2024-06-11 12:19:38
847,292,2024-06-11 12:20:05
1062,286,2024-06-11 15:02:03
159,295,2024-06-11 16:48:14
767,152,2024-06-12 02:58:28
362,152,2024-06-12 02:58:29
1065,298,2024-06-12 13:35:16
1066,299,2024-06-12 15:23:11
1066,300,2024-06-12 21:24:57
1065,300,2024-06-12 21:25:24
1064,300,2024-06-12 21:25:25
1062,300,2024-06-12 21:25:26
540,152,2024-06-13 02:14:39
638,152,2024-06-13 02:14:42
1065,301,2024-06-13 09:13:25
1064,301,2024-06-13 09:13:51
1062,302,2024-06-13 09:33:01
1064,302,2024-06-13 09:33:03
1065,302,2024-06-13 09:33:04
1066,302,2024-06-13 09:33:29
1064,304,2024-06-13 11:53:27
1065,304,2024-06-13 11:54:00
1066,304,2024-06-13 11:54:02
631,304,2024-06-13 11:54:34
1062,304,2024-06-13 11:55:41
1060,304,2024-06-13 11:57:31
1055,305,2024-06-13 12:14:13
1057,305,2024-06-13 12:14:31
1056,305,2024-06-13 12:14:36
1064,306,2024-06-13 18:46:30
1064,307,2024-06-13 22:52:27
1066,307,2024-06-13 22:57:25
1065,308,2024-06-14 08:11:23
994,192,2024-06-14 13:38:38
1032,310,2024-06-14 14:36:45
1055,310,2024-06-14 14:36:50
1030,310,2024-06-14 14:37:10
1053,310,2024-06-14 14:37:12
1066,313,2024-06-14 16:18:28
1065,316,2024-06-15 04:15:26
1062,316,2024-06-15 04:16:22
841,152,2024-06-15 08:04:54
44,152,2024-06-15 08:05:05
1066,318,2024-06-15 08:46:09
1062,318,2024-06-15 08:49:09
1064,318,2024-06-15 08:54:13
1065,318,2024-06-15 08:55:02
1064,319,2024-06-15 13:36:57
1062,319,2024-06-15 13:37:06
1065,319,2024-06-15 13:38:41
159,320,2024-06-15 14:42:06
1064,325,2024-06-16 03:02:46
1064,316,2024-06-16 03:15:40
1066,327,2024-06-16 05:34:42
1065,327,2024-06-16 05:34:52
1062,325,2024-06-16 09:43:21
1065,325,2024-06-16 10:28:44
1066,325,2024-06-16 10:33:10
780,152,2024-06-16 16:38:08
83,152,2024-06-16 16:38:19
159,332,2024-06-16 19:27:15
1056,332,2024-06-16 19:27:26
44,332,2024-06-16 19:27:50
625,332,2024-06-16 19:28:15
1064,333,2024-06-16 20:41:07
837,152,2024-06-17 01:46:18
159,334,2024-06-17 04:28:35
1057,334,2024-06-17 04:29:19
1031,334,2024-06-17 04:29:29
159,335,2024-06-17 07:39:56
1065,338,2024-06-17 09:29:09
1062,338,2024-06-17 09:31:54
1064,338,2024-06-17 09:32:44
1066,338,2024-06-17 09:33:26
1060,339,2024-06-17 10:38:40
625,339,2024-06-17 10:38:55
1064,340,2024-06-17 13:35:07
1062,340,2024-06-17 15:18:47
159,344,2024-06-17 16:10:14
33,345,2024-06-17 16:16:06
415,345,2024-06-17 16:16:07
159,352,2024-06-17 16:19:39
159,353,2024-06-17 16:22:27
560,353,2024-06-17 16:22:29
161,353,2024-06-17 16:22:30
151,357,2024-06-17 16:24:56
159,355,2024-06-17 16:26:15
560,355,2024-06-17 16:26:21
161,355,2024-06-17 16:26:22
143,355,2024-06-17 16:26:26
151,355,2024-06-17 16:26:27
33,355,2024-06-17 16:26:30
415,355,2024-06-17 16:26:31
540,355,2024-06-17 16:26:47
560,357,2024-06-17 16:27:00
415,358,2024-06-17 16:27:06
540,358,2024-06-17 16:27:09
159,359,2024-06-17 16:27:57
560,359,2024-06-17 16:27:58
161,359,2024-06-17 16:27:59
143,359,2024-06-17 16:28:00
33,360,2024-06-17 16:29:16
560,362,2024-06-17 16:32:56
159,361,2024-06-17 16:33:18
44,348,2024-06-17 16:35:31
44,361,2024-06-17 16:35:31
13,348,2024-06-17 16:35:41
173,348,2024-06-17 16:35:42
549,348,2024-06-17 16:35:45
13,361,2024-06-17 16:35:57
44,352,2024-06-17 16:36:41
173,361,2024-06-17 16:36:45
13,352,2024-06-17 16:38:21
143,365,2024-06-17 16:45:25
159,368,2024-06-17 16:48:46
560,368,2024-06-17 16:49:28
161,368,2024-06-17 16:49:41
143,368,2024-06-17 16:49:42
151,368,2024-06-17 16:49:42
159,370,2024-06-17 16:50:02
560,370,2024-06-17 16:50:07
